-- phpMyAdmin SQL Dump
-- version 5.2.1
-- https://www.phpmyadmin.net/
--
-- Host: 127.0.0.1
-- Generation Time: Dec 14, 2025 at 07:05 PM
-- Server version: 10.4.32-MariaDB
-- PHP Version: 8.2.12

SET SQL_MODE = "NO_AUTO_VALUE_ON_ZERO";
START TRANSACTION;
SET time_zone = "+00:00";


/*!40101 SET @OLD_CHARACTER_SET_CLIENT=@@CHARACTER_SET_CLIENT */;
/*!40101 SET @OLD_CHARACTER_SET_RESULTS=@@CHARACTER_SET_RESULTS */;
/*!40101 SET @OLD_COLLATION_CONNECTION=@@COLLATION_CONNECTION */;
/*!40101 SET NAMES utf8mb4 */;

--
-- Database: `taitter`
--

-- --------------------------------------------------------

--
-- Table structure for table `aihetunnisteet`
--

CREATE TABLE `aihetunnisteet` (
  `aihetunniste_tunnus` int(11) NOT NULL,
  `aihetunniste_nimi` varchar(75) NOT NULL
) ENGINE=InnoDB DEFAULT CHARSET=utf8mb4 COLLATE=utf8mb4_general_ci;

--
-- Dumping data for table `aihetunnisteet`
--

INSERT INTO `aihetunnisteet` (`aihetunniste_tunnus`, `aihetunniste_nimi`) VALUES
(29, 'beauty'),
(31, 'books'),
(22, 'business'),
(36, 'cats'),
(6, 'coding'),
(46, 'coffee'),
(7, 'design'),
(37, 'dogs'),
(19, 'education'),
(24, 'entrepreneur'),
(28, 'fashion'),
(12, 'fitness'),
(14, 'food'),
(10, 'gaming'),
(13, 'health'),
(34, 'humor'),
(41, 'inspiration'),
(8, 'java'),
(3, 'javascript'),
(27, 'lifestyle'),
(39, 'love'),
(25, 'marketing'),
(44, 'meditation'),
(35, 'memes'),
(43, 'mindfulness'),
(49, 'mondaymood'),
(40, 'motivation'),
(30, 'movies'),
(9, 'music'),
(17, 'nature'),
(20, 'news'),
(38, 'pets'),
(16, 'photography'),
(33, 'poetry'),
(21, 'politics'),
(2, 'programming'),
(4, 'python'),
(42, 'quotes'),
(18, 'science'),
(26, 'socialmedia'),
(11, 'sports'),
(23, 'startup'),
(47, 'tea'),
(1, 'technology'),
(50, 'throwbackthursday'),
(15, 'travel'),
(5, 'webdev'),
(48, 'weekend'),
(32, 'writing'),
(45, 'yoga');

-- --------------------------------------------------------

--
-- Table structure for table `kayttajat`
--

CREATE TABLE `kayttajat` (
  `kayttaja_tunnus` int(11) NOT NULL,
  `sahkoposti` varchar(100) NOT NULL,
  `kayttajanimi` varchar(150) NOT NULL,
  `kuvaus` varchar(300) DEFAULT NULL,
  `rekisterointipaivamaara` timestamp NOT NULL DEFAULT current_timestamp(),
  `viimeisen_kaynti` timestamp NULL DEFAULT NULL
) ENGINE=InnoDB DEFAULT CHARSET=utf8mb4 COLLATE=utf8mb4_general_ci;

--
-- Dumping data for table `kayttajat`
--

INSERT INTO `kayttajat` (`kayttaja_tunnus`, `sahkoposti`, `kayttajanimi`, `kuvaus`, `rekisterointipaivamaara`, `viimeisen_kaynti`) VALUES
(1, 'tmcfarland0@bandcamp.com', 'ppettegre0', 'User-centric incremental superstructure', '2024-03-02 12:44:25', '2026-08-22 16:13:27'),
(2, 'gyate1@vk.com', 'agwyther1', 'Cloned discrete budgetary management', '2023-09-19 03:14:04', '2026-09-15 07:57:18'),
(3, 'sberthome2@edublogs.org', 'lkilgallon2', 'Phased asynchronous frame', '2024-06-05 09:45:14', '2026-04-01 21:26:53'),
(4, 'odiviney3@linkedin.com', 'ahincks3', 'Decentralized grid-enabled customer loyalty', '2024-10-31 03:30:27', '2026-05-13 06:48:51'),
(5, 'pberg4@ihg.com', 'openna4', 'Multi-lateral object-oriented encryption', '2024-01-14 14:04:06', '2026-05-16 15:27:21'),
(6, 'bjustham5@arstechnica.com', 'gkynaston5', 'Seamless uniform functionalities', '2024-04-19 08:56:16', '2026-03-02 09:33:37'),
(7, 'jcount6@wisc.edu', 'twhiteland6', 'Enterprise-wide incremental task-force', '2023-03-15 20:15:25', '2026-11-06 05:21:47'),
(8, 'hramsier7@opera.com', 'ggrabert7', 'Integrated multi-tasking open system', '2023-11-20 21:06:36', '2026-09-26 13:35:21'),
(9, 'rdelbergue8@ca.gov', 'kthunnercliffe8', 'Visionary fresh-thinking collaboration', '2023-01-28 16:23:21', '2026-09-07 19:06:50'),
(10, 'wmerrill9@booking.com', 'cpetegre9', 'Business-focused directional hierarchy', '2024-09-28 22:18:19', '2026-07-21 18:12:22'),
(11, 'obebb0@forbes.com', 'aliccardi0', 'Grass-roots radical capacity', '2024-11-29 23:32:17', '2026-01-28 00:59:17'),
(12, 'jbalsillie1@ebay.co.uk', 'tharme1', 'Implemented bandwidth-monitored knowledge base', '2024-02-04 10:16:40', '2026-08-28 07:16:17'),
(13, 'bkellar2@census.gov', 'cleatt2', 'Extended object-oriented approach', '2024-06-06 07:02:31', '2026-05-27 17:50:58'),
(14, 'rkuhnwald3@yellowbook.com', 'mfalconertaylor3', 'Cross-platform value-added leverage', '2024-03-26 11:17:07', '2026-11-02 08:25:35'),
(15, 'afosdyke4@cmu.edu', 'cphlippi4', 'Horizontal systemic algorithm', '2024-02-27 15:47:10', '2026-06-19 04:08:24'),
(16, 'pluxford5@phpbb.com', 'dpagelsen5', 'Horizontal national portal', '2024-01-14 19:17:00', '2026-09-22 06:22:20'),
(17, 'jkettoe6@qq.com', 'rcasterot6', 'Horizontal solution-oriented architecture', '2024-12-09 02:30:16', '2026-09-20 09:37:56'),
(18, 'awalford7@auda.org.au', 'agodden7', 'Ameliorated bandwidth-monitored definition', '2024-05-28 17:06:50', '2026-04-01 14:38:19'),
(19, 'bbaudin8@biglobe.ne.jp', 'fcrofthwaite8', 'Decentralized systematic neural-net', '2024-02-23 17:02:39', '2026-11-21 07:56:06'),
(20, 'ckeppin9@jiathis.com', 'mmuro9', 'Digitized attitude-oriented ability', '2024-02-21 15:54:24', '2026-02-21 10:33:54'),
(21, 'pangelinia@wikia.com', 'wsunmana', 'Multi-layered intangible collaboration', '2024-04-10 19:45:20', '2026-09-23 18:35:53'),
(22, 'ljakawayb@last.fm', 'nmatteolib', 'Synergistic bifurcated open architecture', '2024-04-01 19:50:22', '2026-01-04 07:34:20'),
(23, 'bivimyc@icio.us', 'lstuchburiec', 'Proactive optimal time-frame', '2024-02-19 02:32:15', '2026-09-24 05:15:12'),
(24, 'dlukockd@bloglines.com', 'rransleyd', 'Seamless composite protocol', '2024-05-30 22:16:19', '2026-07-27 12:49:27'),
(25, 'kmassowe@mediafire.com', 'bsouthgatee', 'Polarised cohesive data-warehouse', '2024-10-31 10:33:47', '2026-11-26 03:21:27'),
(26, 'acaplenf@elegantthemes.com', 'mbookf', 'Universal transitional encryption', '2024-02-14 20:17:18', '2026-05-07 18:40:46'),
(27, 'rhallowayg@reverbnation.com', 'fwilcherg', 'Profit-focused modular approach', '2024-07-12 01:42:59', '2026-06-18 15:48:54'),
(28, 'fgrovenh@sphinn.com', 'jgittensh', 'Grass-roots content-based extranet', '2024-01-10 06:15:29', '2026-03-08 09:20:02'),
(29, 'aalywini@vk.com', 'ekindlesidei', 'Distributed context-sensitive hierarchy', '2024-02-24 22:13:31', '2025-12-13 14:53:31'),
(30, 'thardeyj@mashable.com', 'rallflattj', 'Universal logistical policy', '2024-03-01 22:06:37', '2026-01-23 11:43:23'),
(31, 'lgillardk@addtoany.com', 'pjambrozekk', 'Multi-layered reciprocal conglomeration', '2024-02-06 19:05:46', '2026-11-15 15:02:30'),
(32, 'ahowkinsl@hibu.com', 'lmatfieldl', 'Assimilated asynchronous info-mediaries', '2024-06-12 04:40:04', '2026-01-26 06:09:27'),
(33, 'mkieltm@ftc.gov', 'olicasm', 'Diverse system-worthy matrices', '2024-11-15 04:14:28', '2026-08-08 20:18:20'),
(34, 'tdurnn@eventbrite.com', 'lmacterrellyn', 'Operative solution-oriented intranet', '2024-04-11 22:15:06', '2026-02-25 04:06:36'),
(35, 'reverexo@arstechnica.com', 'jpenritho', 'Devolved directional migration', '2024-01-20 11:44:13', '2026-09-02 06:13:38'),
(36, 'rtickelp@weibo.com', 'jmaloneyp', 'Digitized systemic collaboration', '2024-02-11 23:24:23', '2025-12-19 04:40:31'),
(37, 'idewaneq@lulu.com', 'cmatschossq', 'Operative explicit function', '2024-09-30 08:12:40', '2026-10-31 18:20:33'),
(38, 'apeppardr@cam.ac.uk', 'kbezleyr', 'Decentralized neutral alliance', '2024-04-17 23:08:48', '2026-06-12 20:55:05'),
(39, 'blinkies@icq.com', 'dstarts', 'Cross-platform content-based architecture', '2024-07-14 20:03:26', '2026-02-03 12:33:20'),
(40, 'cayerstt@accuweather.com', 'lweisst', 'Adaptive attitude-oriented contingency', '2024-11-02 11:36:20', '2026-09-11 17:43:39'),
(41, 'ryerbornu@skyrock.com', 'gtalbyu', 'Expanded zero tolerance data-warehouse', '2024-03-17 10:18:42', '2026-12-03 22:08:03'),
(42, 'mcapewellv@wordpress.com', 'yfaulksv', 'Balanced human-resource encryption', '2024-01-03 00:13:41', '2025-12-13 01:48:45'),
(43, 'jkeppyw@rediff.com', 'ehattamw', 'Assimilated static database', '2024-04-22 03:39:16', '2026-03-11 16:06:40'),
(44, 'cstansburyx@flickr.com', 'rgandyx', 'Assimilated motivating open system', '2024-06-21 05:55:00', '2026-08-03 02:48:19'),
(45, 'bkleinhauseny@about.me', 'ckuhndely', 'Devolved analyzing alliance', '2024-04-13 05:59:04', '2026-02-25 05:05:13'),
(46, 'eaddinallz@webmd.com', 'mbockez', 'Networked next generation algorithm', '2024-06-02 17:59:56', '2026-11-01 17:22:20'),
(47, 'gcapinetti10@pen.io', 'ehawksby10', 'Polarised bi-directional core', '2024-11-19 15:31:05', '2026-02-16 06:13:13'),
(48, 'amaddison11@usa.gov', 'igladwish11', 'Synergized responsive info-mediaries', '2024-01-17 11:00:16', '2026-06-02 22:25:35'),
(49, 'collerenshaw12@blogspot.com', 'ctremaine12', 'Multi-tiered secondary time-frame', '2024-07-08 22:40:34', '2026-01-30 08:43:28'),
(50, 'palekseicik13@stanford.edu', 'kwandless13', 'Expanded non-volatile attitude', '2024-04-29 03:49:05', '2025-12-24 15:51:54'),
(51, 'rsallings14@oaic.gov.au', 'rethersey14', 'Organized optimizing knowledge base', '2024-02-16 10:17:01', '2026-04-11 15:40:59'),
(52, 'chazelby15@geocities.jp', 'fmoat15', 'Fully-configurable optimizing parallelism', '2024-04-26 01:15:12', '2026-11-19 04:04:45'),
(53, 'aohear16@furl.net', 'mtolchard16', 'Team-oriented 24 hour utilisation', '2024-04-17 21:42:14', '2025-12-14 01:59:25'),
(54, 'nwylder17@163.com', 'gaherne17', 'Phased real-time parallelism', '2024-12-02 23:34:00', '2026-07-11 19:55:19'),
(55, 'euzzell18@mapquest.com', 'wsherburn18', 'Ameliorated even-keeled analyzer', '2024-03-10 22:42:50', '2026-07-24 17:21:35'),
(56, 'pmaber19@jimdo.com', 'wmaunder19', 'Team-oriented dynamic budgetary management', '2024-11-29 13:33:04', '2026-12-02 16:12:32'),
(57, 'acatterall1a@fc2.com', 'psturt1a', 'Synchronised holistic artificial intelligence', '2024-10-07 08:34:58', '2026-07-13 02:28:17'),
(58, 'ploram1b@examiner.com', 'astote1b', 'Right-sized clear-thinking portal', '2024-07-12 19:13:33', '2026-10-19 08:59:30'),
(59, 'vpantling1c@ebay.com', 'jlidgley1c', 'Versatile dedicated open architecture', '2024-05-10 13:27:58', '2026-05-31 15:10:44'),
(60, 'rtschirasche1d@devhub.com', 'lbriscam1d', 'Exclusive 24/7 focus group', '2024-01-31 10:51:24', '2026-10-17 15:31:53'),
(61, 'kdalessio1e@51.la', 'dsyder1e', 'Seamless eco-centric architecture', '2024-02-03 01:55:12', '2026-07-24 11:31:16'),
(62, 'dchiommienti1f@sakura.ne.jp', 'jlum1f', 'Exclusive value-added projection', '2024-10-21 10:11:36', '2026-08-29 10:50:18'),
(63, 'wclubb1g@google.es', 'mbasezzi1g', 'Customer-focused web-enabled productivity', '2024-06-14 11:11:03', '2026-04-02 07:40:36'),
(64, 'mohengerty1h@apple.com', 'oashford1h', 'Synergized exuding ability', '2023-12-19 15:16:19', '2026-02-20 16:03:43'),
(65, 'evoice1i@webmd.com', 'arihanek1i', 'Face to face next generation neural-net', '2024-03-19 06:38:56', '2026-08-17 18:15:05'),
(66, 'gwalcar1j@theguardian.com', 'cbeazley1j', 'Total analyzing middleware', '2024-07-05 02:56:08', '2026-09-03 04:01:35'),
(67, 'ccasserley1k@angelfire.com', 'nlethabridge1k', 'Reverse-engineered encompassing encoding', '2024-02-27 09:39:31', '2026-08-12 05:25:47'),
(68, 'snemchinov1l@squarespace.com', 'sdoerffer1l', 'Digitized upward-trending frame', '2024-10-19 16:01:04', '2026-08-13 02:15:17'),
(69, 'nklimecki1m@constantcontact.com', 'sjeannard1m', 'Future-proofed full-range policy', '2024-09-07 02:05:37', '2026-02-14 03:08:35'),
(70, 'nbazelle1n@webnode.com', 'gdewitt1n', 'Profit-focused bifurcated portal', '2024-09-09 02:49:37', '2026-07-12 18:49:23'),
(71, 'smessam1o@lycos.com', 'dstaig1o', 'Triple-buffered leading edge workforce', '2024-05-22 17:02:39', '2026-10-02 19:51:56'),
(72, 'munsworth1p@over-blog.com', 'tfendlow1p', 'Balanced next generation infrastructure', '2024-11-10 00:20:05', '2026-09-05 00:35:15'),
(73, 'jdunridge1q@fotki.com', 'omallender1q', 'Customizable cohesive protocol', '2024-03-17 09:25:27', '2026-03-14 13:12:06'),
(74, 'wkuhnhardt1r@mlb.com', 'btubbles1r', 'Cross-group leading edge concept', '2024-10-10 02:10:31', '2026-11-17 19:43:03'),
(75, 'xpendry1s@skyrock.com', 'hburgen1s', 'Customer-focused stable knowledge user', '2024-04-01 03:38:50', '2026-09-19 03:49:23'),
(76, 'pdjakovic1t@psu.edu', 'agriswood1t', 'Reactive methodical hub', '2024-07-24 09:44:23', '2026-09-08 22:50:19'),
(77, 'ffriett1u@reference.com', 'amallison1u', 'Operative systemic access', '2024-11-11 07:33:26', '2026-10-22 01:53:31'),
(78, 'fianinotti1v@php.net', 'lhawtrey1v', 'Automated asynchronous array', '2024-07-31 07:18:21', '2026-04-14 18:43:48'),
(79, 'adavall1w@phpbb.com', 'rgrumley1w', 'Cloned encompassing algorithm', '2024-08-08 12:44:06', '2026-07-28 21:54:59'),
(80, 'jmaddy1x@dell.com', 'vshorthill1x', 'Face to face 24/7 contingency', '2024-01-09 07:13:24', '2026-08-29 15:24:44'),
(81, 'aluetkemeyer1y@cnet.com', 'bizhakov1y', 'Triple-buffered tertiary frame', '2024-08-31 00:53:08', '2026-02-22 00:53:08'),
(82, 'lgrandisson1z@a8.net', 'akennifeck1z', 'Down-sized human-resource matrix', '2024-09-20 11:35:47', '2026-10-21 09:07:24'),
(83, 'greef20@devhub.com', 'icarneck20', 'Versatile foreground emulation', '2024-03-13 14:12:36', '2026-04-18 05:31:17'),
(84, 'sbergen21@loc.gov', 'clawlance21', 'Cloned impactful contingency', '2024-07-15 21:27:50', '2026-06-05 00:54:16'),
(85, 'rdurrans22@wunderground.com', 'ddensumbe22', 'Expanded zero tolerance structure', '2024-07-27 05:04:47', '2026-02-27 22:52:09'),
(86, 'kstork23@archive.org', 'sograda23', 'Future-proofed next generation info-mediaries', '2024-10-28 16:21:58', '2026-02-07 16:33:00'),
(87, 'abramont24@archive.org', 'mpinchin24', 'Versatile 24/7 structure', '2024-09-28 01:45:35', '2026-02-13 02:28:58'),
(88, 'tarne25@sciencedaily.com', 'tfenton25', 'Face to face heuristic secured line', '2024-11-13 21:16:57', '2026-08-26 06:42:23'),
(89, 'crees26@google.es', 'rbatchelder26', 'Extended radical service-desk', '2023-12-27 17:40:38', '2026-11-10 17:11:36'),
(90, 'jmyring27@furl.net', 'estranieri27', 'Managed clear-thinking time-frame', '2024-09-16 10:41:46', '2025-12-20 08:47:50'),
(91, 'nbingle28@pcworld.com', 'kclaiden28', 'Front-line zero tolerance data-warehouse', '2024-11-30 11:08:51', '2026-03-24 01:31:45'),
(92, 'ccrosbie29@amazonaws.com', 'slongcake29', 'Exclusive optimal superstructure', '2024-08-21 04:23:55', '2026-06-22 02:54:27'),
(93, 'lmollnar2a@privacy.gov.au', 'blamasna2a', 'Cross-group next generation open system', '2024-11-22 18:22:47', '2025-12-21 13:45:25'),
(94, 'bkadar2b@statcounter.com', 'mandrei2b', 'User-friendly discrete secured line', '2024-03-04 10:53:42', '2026-09-24 04:58:10'),
(95, 'nheis2c@dion.ne.jp', 'jwadsworth2c', 'User-centric 24 hour secured line', '2023-12-22 09:47:12', '2026-11-06 15:27:48'),
(96, 'adallon2d@altervista.org', 'tvaneev2d', 'Streamlined even-keeled encoding', '2024-12-04 16:49:46', '2026-11-27 10:36:38'),
(97, 'iwhitworth2e@odnoklassniki.ru', 'rpilmer2e', 'Horizontal bi-directional instruction set', '2024-05-13 16:12:52', '2026-01-26 04:11:40'),
(98, 'tgillbee2f@harvard.edu', 'cthurnham2f', 'Re-engineered upward-trending support', '2024-08-08 13:31:45', '2026-08-28 17:29:38'),
(99, 'ihaddon2g@technorati.com', 'jallchin2g', 'Managed logistical internet solution', '2024-07-29 03:46:14', '2025-12-16 14:20:32'),
(100, 'nattree2h@desdev.cn', 'hkilbey2h', 'Reverse-engineered bottom-line functionalities', '2023-12-14 12:10:18', '2026-10-24 23:20:29'),
(101, 'gskitch2i@printfriendly.com', 'scajkler2i', 'Upgradable mobile software', '2024-09-02 12:00:02', '2025-12-26 21:40:34'),
(102, 'vculpen2j@yolasite.com', 'arollingson2j', 'Versatile methodical benchmark', '2024-03-04 01:12:46', '2026-02-03 08:29:18'),
(103, 'bsherar2k@who.int', 'clanphere2k', 'Right-sized discrete knowledge user', '2024-03-12 22:29:32', '2026-07-11 05:48:35'),
(104, 'gfarlambe2l@wordpress.com', 'churiche2l', 'Balanced content-based infrastructure', '2024-09-29 10:48:59', '2026-07-29 03:29:24'),
(105, 'kgrinval2m@163.com', 'dclutterbuck2m', 'Team-oriented maximized infrastructure', '2024-10-26 19:00:10', '2026-06-29 15:07:01'),
(106, 'cfilimore2n@eventbrite.com', 'gargile2n', 'Focused scalable pricing structure', '2024-10-24 17:20:46', '2026-06-11 03:38:44'),
(107, 'gbyng2o@si.edu', 'cstood2o', 'Quality-focused fault-tolerant contingency', '2024-05-21 15:42:39', '2026-11-05 01:51:31'),
(108, 'tsneaker2p@ocn.ne.jp', 'spoleykett2p', 'Ergonomic clear-thinking infrastructure', '2024-10-12 14:17:22', '2026-07-07 02:19:41'),
(109, 'gcommings2q@ihg.com', 'jganter2q', 'Upgradable full-range success', '2023-12-21 03:21:41', '2026-11-16 11:41:54'),
(110, 'ahubbart2r@posterous.com', 'smaclleese2r', 'Up-sized didactic circuit', '2024-03-18 15:46:01', '2025-12-24 14:10:01'),
(111, 'jgiovannini2s@nydailynews.com', 'ebrisbane2s', 'Profit-focused holistic neural-net', '2024-12-03 17:23:35', '2026-01-18 00:18:33'),
(112, 'rkindleside2t@nationalgeographic.com', 'kjohl2t', 'Distributed human-resource collaboration', '2024-06-04 21:39:46', '2026-11-11 12:44:14'),
(113, 'talliot2u@businessinsider.com', 'mmacgillavery2u', 'Sharable directional encoding', '2024-06-19 14:02:26', '2026-01-20 04:28:10'),
(114, 'gdiviny2v@wikia.com', 'jburnhard2v', 'Inverse non-volatile attitude', '2024-03-18 09:08:30', '2026-12-04 22:04:56'),
(115, 'lbilovsky2w@ibm.com', 'ahatchette2w', 'Profit-focused analyzing firmware', '2024-06-21 14:43:58', '2026-07-07 11:35:35'),
(116, 'enelm2x@wsj.com', 'tesch2x', 'User-centric asynchronous hardware', '2024-01-03 11:32:17', '2026-07-08 17:31:22'),
(117, 'hpimley2y@guardian.co.uk', 'cpetford2y', 'Networked logistical standardization', '2024-08-12 22:49:59', '2026-08-13 03:12:23'),
(118, 'rdimock2z@seesaa.net', 'lspriggen2z', 'Fully-configurable optimal approach', '2024-07-04 01:19:47', '2026-03-24 17:22:46'),
(119, 'peitter30@goo.ne.jp', 'mmattusevich30', 'Visionary object-oriented pricing structure', '2024-09-16 13:12:34', '2026-02-10 07:04:53'),
(120, 'amchan31@google.es', 'swraggs31', 'De-engineered logistical hardware', '2024-07-29 08:47:36', '2026-06-14 09:42:03'),
(121, 'ahatherley32@moonfruit.com', 'psor32', 'Re-contextualized next generation definition', '2024-05-28 12:48:10', '2026-02-28 18:11:33'),
(122, 'bwalklott33@howstuffworks.com', 'kwyld33', 'Reverse-engineered full-range structure', '2024-02-12 01:34:08', '2026-04-29 08:25:50'),
(123, 'sdzeniskevich34@nifty.com', 'gboard34', 'Persevering full-range infrastructure', '2024-07-05 06:29:18', '2026-08-10 18:11:56'),
(124, 'jprovest35@weibo.com', 'logriffin35', 'Re-contextualized uniform ability', '2024-03-19 14:58:47', '2026-05-29 09:12:34'),
(125, 'nderisley36@bloomberg.com', 'eberre36', 'Stand-alone zero administration parallelism', '2024-01-13 01:37:55', '2026-01-28 07:08:39'),
(126, 'gvondrasek37@wired.com', 'mklimek37', 'Realigned client-server service-desk', '2024-03-26 18:40:46', '2026-07-29 08:31:10'),
(127, 'gballach38@nbcnews.com', 'bbleier38', 'Vision-oriented even-keeled open system', '2024-05-15 07:10:48', '2026-02-19 13:38:49'),
(128, 'ccaulfield39@w3.org', 'ejeanel39', 'Versatile upward-trending data-warehouse', '2024-07-23 08:39:34', '2026-11-19 17:10:00'),
(129, 'wpharaoh3a@aboutads.info', 'lserginson3a', 'Pre-emptive discrete emulation', '2024-05-07 13:54:29', '2026-09-14 13:29:07'),
(130, 'lduckers3b@jigsy.com', 'fnelhams3b', 'Self-enabling transitional productivity', '2024-03-21 00:51:56', '2025-12-12 23:13:22'),
(131, 'msangwine3c@jimdo.com', 'memons3c', 'Persistent context-sensitive product', '2024-10-24 15:02:28', '2026-07-27 18:02:33'),
(132, 'gyellowley3d@google.com.au', 'yaslie3d', 'Customizable dedicated challenge', '2024-12-09 03:18:16', '2026-06-22 14:02:30'),
(133, 'ddami3e@google.com.au', 'alorans3e', 'Secured mission-critical encoding', '2024-01-25 20:28:33', '2026-03-15 16:20:57'),
(134, 'mhevner3f@merriam-webster.com', 'mthandi3f', 'Robust user-facing parallelism', '2024-09-28 06:56:12', '2026-04-01 13:27:27'),
(135, 'lcarlisle3g@google.it', 'rmacentee3g', 'Triple-buffered zero administration hardware', '2024-03-25 13:29:59', '2026-06-18 00:36:10'),
(136, 'cgrayson3h@instagram.com', 'llonergan3h', 'Team-oriented actuating initiative', '2024-01-28 19:26:49', '2026-09-22 18:24:31'),
(137, 'ymilley3i@4shared.com', 'tsimoneton3i', 'Future-proofed client-server pricing structure', '2024-02-10 10:25:04', '2026-06-22 14:21:05'),
(138, 'bmcmorran3j@oracle.com', 'aapplewhaite3j', 'Quality-focused bi-directional moderator', '2024-08-02 07:38:02', '2026-02-14 02:31:14'),
(139, 'obagenal3k@shutterfly.com', 'ssthill3k', 'Function-based context-sensitive synergy', '2024-03-23 04:58:43', '2026-10-08 19:35:12'),
(140, 'ltompkinson3l@google.pl', 'wtopaz3l', 'Balanced logistical function', '2024-01-09 02:17:18', '2026-11-01 18:44:02'),
(141, 'gmacconneely3m@example.com', 'rashton3m', 'Devolved eco-centric knowledge base', '2024-12-07 22:45:27', '2026-03-16 01:09:26'),
(142, 'ocopland3n@mit.edu', 'pwagenen3n', 'Ergonomic responsive success', '2024-03-15 04:54:11', '2026-07-05 06:31:28'),
(143, 'whethron3o@eventbrite.com', 'lbrownlee3o', 'Open-architected directional service-desk', '2023-12-13 19:05:45', '2026-11-30 02:48:54'),
(144, 'vbroadway3p@vkontakte.ru', 'fmurrison3p', 'Multi-tiered client-server definition', '2024-08-28 04:08:20', '2026-05-14 00:04:39'),
(145, 'otunnick3q@amazon.co.jp', 'tsorley3q', 'Upgradable systemic core', '2024-08-23 04:38:11', '2026-01-18 20:49:53'),
(146, 'cbraunds3r@google.ru', 'rbraham3r', 'Operative human-resource application', '2024-06-29 03:51:02', '2026-08-26 05:33:05'),
(147, 'swatson3s@smh.com.au', 'bdorrins3s', 'Synchronised encompassing archive', '2023-12-20 00:28:01', '2026-06-25 18:20:21'),
(148, 'cdillingstone3t@so-net.ne.jp', 'cgurys3t', 'Team-oriented optimizing intranet', '2023-12-19 10:02:44', '2026-03-09 18:54:26'),
(149, 'bkilrow3u@home.pl', 'ztousey3u', 'Sharable local migration', '2024-07-12 16:11:16', '2026-10-08 13:26:34'),
(150, 'jcardon3v@storify.com', 'ochalloner3v', 'Exclusive clear-thinking internet solution', '2024-11-19 22:27:21', '2026-01-08 19:33:22'),
(151, 'trolston3w@unicef.org', 'dmcturlough3w', 'Programmable encompassing neural-net', '2024-02-17 22:23:53', '2026-01-15 15:47:59'),
(152, 'aomara3x@delicious.com', 'rdoppler3x', 'Triple-buffered modular capability', '2024-03-26 03:18:05', '2026-11-29 06:47:39'),
(153, 'rnavan3y@whitehouse.gov', 'ldomengue3y', 'Face to face client-driven pricing structure', '2024-12-02 12:48:02', '2025-12-11 14:46:08'),
(154, 'jboller3z@skyrock.com', 'fphilippet3z', 'Assimilated multi-tasking projection', '2024-04-15 03:01:13', '2026-05-03 11:59:16'),
(155, 'edressel40@un.org', 'vchristal40', 'Polarised tertiary collaboration', '2023-12-21 19:08:36', '2026-11-08 19:35:40'),
(156, 'tbarnwall41@unc.edu', 'jpigott41', 'Switchable exuding policy', '2024-09-11 03:20:59', '2026-08-02 22:34:22'),
(157, 'cfarfull42@mtv.com', 'jtillyer42', 'Ameliorated bottom-line software', '2024-11-11 00:50:17', '2026-06-08 12:13:41'),
(158, 'aaupol43@ning.com', 'amoulds43', 'Fully-configurable multi-tasking task-force', '2024-03-22 03:21:51', '2026-12-07 06:56:07'),
(159, 'tmahon44@wordpress.org', 'aprandin44', 'Face to face bifurcated knowledge user', '2024-03-29 11:30:06', '2026-09-11 02:48:08'),
(160, 'pbranston45@virginia.edu', 'kwiggin45', 'Business-focused intangible pricing structure', '2024-03-25 14:23:02', '2026-03-13 09:36:41'),
(161, 'aiseton46@facebook.com', 'cbartolijn46', 'Fully-configurable fresh-thinking artificial intelligence', '2024-10-15 10:41:24', '2026-11-11 15:04:34'),
(162, 'lkeese47@parallels.com', 'mtoffalo47', 'Re-contextualized bottom-line protocol', '2024-09-03 02:31:19', '2026-09-26 18:10:17'),
(163, 'warundale48@ow.ly', 'elegrys48', 'Compatible actuating Graphic Interface', '2023-12-24 12:34:01', '2026-03-25 12:19:41'),
(164, 'ltolcher49@is.gd', 'rlyon49', 'Networked content-based leverage', '2024-08-23 15:23:53', '2026-03-09 02:22:06'),
(165, 'cacey4a@qq.com', 'abountiff4a', 'Monitored zero tolerance pricing structure', '2024-02-10 02:17:29', '2026-03-21 15:04:46'),
(166, 'ckeijser4b@guardian.co.uk', 'roakhill4b', 'Reverse-engineered explicit implementation', '2024-02-19 18:19:53', '2026-01-02 20:51:09'),
(167, 'fvanni4c@ted.com', 'fkenion4c', 'Open-source mission-critical implementation', '2024-07-12 13:00:59', '2026-02-02 12:35:43'),
(168, 'dgoldstraw4d@goodreads.com', 'dpasse4d', 'Optional bottom-line concept', '2024-02-20 12:51:25', '2026-03-16 03:02:15'),
(169, 'bhaddeston4e@cnet.com', 'lidenden4e', 'Right-sized demand-driven policy', '2024-01-05 07:14:03', '2026-07-20 21:55:37'),
(170, 'brylstone4f@nsw.gov.au', 'trosa4f', 'Reverse-engineered multi-tasking instruction set', '2024-05-04 04:10:02', '2026-03-29 17:21:26'),
(171, 'cwesley4g@marriott.com', 'hfarbrother4g', 'Down-sized fault-tolerant system engine', '2024-11-03 08:13:00', '2026-07-16 10:04:31'),
(172, 'ffriett4h@google.com', 'tdear4h', 'Re-engineered mobile middleware', '2024-07-22 21:06:17', '2026-11-29 10:43:25'),
(173, 'getter4i@adobe.com', 'amcgahy4i', 'Enhanced tertiary throughput', '2024-10-06 04:17:26', '2026-09-10 01:05:43'),
(174, 'mdudman4j@hhs.gov', 'rsommerfeld4j', 'Down-sized disintermediate challenge', '2024-12-04 05:23:14', '2026-03-24 13:22:13'),
(175, 'wprigg4k@ow.ly', 'acasely4k', 'Distributed optimal frame', '2024-09-10 06:59:53', '2026-08-11 05:05:05'),
(176, 'gkinder4l@themeforest.net', 'marchbold4l', 'Grass-roots optimizing framework', '2024-02-06 11:40:00', '2026-05-06 07:34:19'),
(177, 'kbowden4m@storify.com', 'heckersall4m', 'User-friendly impactful policy', '2024-04-06 19:00:42', '2026-01-17 19:17:37'),
(178, 'cdegenhardt4n@google.pl', 'cjarad4n', 'Reactive transitional methodology', '2024-10-17 21:59:46', '2026-01-22 02:42:48'),
(179, 'smuat4o@usnews.com', 'kbleackly4o', 'Centralized next generation utilisation', '2024-01-03 16:11:29', '2026-04-15 21:00:59'),
(180, 'esatterly4p@ox.ac.uk', 'jailsbury4p', 'Implemented actuating portal', '2024-09-01 17:39:35', '2026-05-20 00:23:26'),
(181, 'jpartkya4q@cafepress.com', 'uennew4q', 'Assimilated motivating toolset', '2024-08-27 21:33:58', '2026-10-03 19:14:00'),
(182, 'ssagar4r@webmd.com', 'mpocklington4r', 'Devolved homogeneous system engine', '2024-09-21 07:04:00', '2026-11-26 15:00:16'),
(183, 'aloachhead4s@ustream.tv', 'mriceards4s', 'Public-key solution-oriented emulation', '2024-10-08 12:30:09', '2026-05-18 04:30:31'),
(184, 'lmaccaig4t@examiner.com', 'iclaybourn4t', 'Adaptive fault-tolerant process improvement', '2024-08-05 07:10:33', '2026-05-21 15:55:04'),
(185, 'ghudel4u@examiner.com', 'mnarup4u', 'Integrated eco-centric leverage', '2024-01-17 15:30:48', '2026-11-24 05:11:28'),
(186, 'jbehning4v@tmall.com', 'cstanford4v', 'Triple-buffered well-modulated forecast', '2024-09-20 00:17:46', '2026-06-02 22:35:55'),
(187, 'egodsmark4w@constantcontact.com', 'nlinger4w', 'Assimilated asymmetric time-frame', '2024-09-29 04:07:37', '2026-07-09 18:22:15'),
(188, 'kpaskell4x@jigsy.com', 'koferris4x', 'Virtual leading edge extranet', '2024-04-11 03:50:49', '2026-08-21 19:34:05'),
(189, 'lbernaldo4y@bloomberg.com', 'sschroder4y', 'Synchronised non-volatile secured line', '2024-08-27 12:46:40', '2026-05-08 19:43:33'),
(190, 'cmerkle4z@deliciousdays.com', 'ttiptaft4z', 'Devolved 24 hour open system', '2024-07-04 20:49:58', '2026-12-07 11:52:52'),
(191, 'zduguid50@hc360.com', 'sdomelaw50', 'Synchronised client-server superstructure', '2024-11-23 13:11:20', '2026-08-04 09:21:12'),
(192, 'bclayworth51@scientificamerican.com', 'vloney51', 'Persistent logistical project', '2024-03-08 09:58:12', '2025-12-25 13:45:29'),
(193, 'pgovett52@mlb.com', 'kbizzey52', 'Virtual analyzing hardware', '2024-11-08 05:48:13', '2026-10-15 05:47:12'),
(194, 'kclewarth53@microsoft.com', 'cbruyett53', 'Secured motivating interface', '2024-02-17 09:54:52', '2026-02-26 01:28:13'),
(195, 'stuer54@scientificamerican.com', 'tbuckenham54', 'Implemented regional solution', '2024-05-22 21:31:58', '2026-11-30 20:57:29'),
(196, 'sdewitt55@state.gov', 'dgroocock55', 'Upgradable leading edge challenge', '2024-06-25 03:14:42', '2026-06-09 19:55:17'),
(197, 'dhorlick56@vinaora.com', 'fwerlock56', 'Face to face 6th generation open architecture', '2024-06-18 03:10:15', '2026-06-28 21:25:30'),
(198, 'bbielby57@etsy.com', 'rwhye57', 'Cloned secondary approach', '2024-04-08 14:42:31', '2025-12-26 14:27:40'),
(199, 'glovart58@reddit.com', 'gdavall58', 'Ergonomic heuristic challenge', '2024-01-06 05:14:09', '2026-04-23 17:26:30'),
(200, 'afreeland59@tripadvisor.com', 'oinge59', 'Public-key impactful emulation', '2024-05-30 13:43:43', '2026-03-08 01:51:28'),
(201, 'fmcgaughey5a@wiley.com', 'abartosch5a', 'Multi-tiered context-sensitive throughput', '2023-12-15 08:53:09', '2026-06-11 03:18:24'),
(202, 'csalzburger5b@princeton.edu', 'rholdworth5b', 'Seamless human-resource utilisation', '2024-08-08 12:47:16', '2026-08-23 09:50:07'),
(203, 'kscarman5c@discovery.com', 'ahaet5c', 'Up-sized coherent core', '2024-11-08 05:24:12', '2026-11-25 21:43:31'),
(204, 'rabramovici5d@imdb.com', 'ewayper5d', 'Ergonomic attitude-oriented productivity', '2024-06-29 10:07:56', '2026-09-17 21:51:40'),
(205, 'bfealey5e@unblog.fr', 'jspadoni5e', 'Self-enabling radical moratorium', '2024-02-28 19:46:50', '2026-09-13 08:26:59'),
(206, 'pdeveral5f@ebay.com', 'cconduit5f', 'Public-key needs-based internet solution', '2024-06-17 02:43:27', '2026-06-08 05:26:52'),
(207, 'ablomfield5g@wikimedia.org', 'labsolon5g', 'Upgradable explicit model', '2024-01-17 07:03:40', '2026-04-22 15:10:02'),
(208, 'loverel5h@reddit.com', 'cgiannotti5h', 'Organized global utilisation', '2024-04-17 05:16:55', '2026-05-06 01:44:03'),
(209, 'iandrejevic5i@biglobe.ne.jp', 'kmellody5i', 'Realigned systematic budgetary management', '2024-12-05 01:25:49', '2026-09-26 05:55:42'),
(210, 'pwooddisse5j@posterous.com', 'rvarga5j', 'Streamlined encompassing portal', '2024-11-05 05:10:40', '2026-05-28 19:32:19'),
(211, 'kbonas5k@bravesites.com', 'amccerery5k', 'Public-key next generation standardization', '2024-03-26 04:22:16', '2026-08-16 12:27:56'),
(212, 'admitrovic5l@vk.com', 'cchilde5l', 'Persevering 6th generation infrastructure', '2024-11-16 01:41:39', '2026-11-01 18:07:53'),
(213, 'cwolland5m@prlog.org', 'bgini5m', 'Configurable didactic time-frame', '2024-02-16 13:41:40', '2026-03-30 04:10:39'),
(214, 'bbushaway5n@statcounter.com', 'bguidetti5n', 'User-centric incremental flexibility', '2024-09-14 15:54:15', '2026-08-26 01:23:32'),
(215, 'priddett5o@acquirethisname.com', 'zveldens5o', 'Cross-group 24/7 infrastructure', '2024-03-14 16:48:38', '2026-11-11 18:31:17'),
(216, 'cingley5p@mashable.com', 'ndarrigoe5p', 'Operative 4th generation approach', '2024-02-05 08:09:13', '2026-10-18 07:29:04'),
(217, 'mllywarch5q@blogspot.com', 'syetman5q', 'User-friendly value-added conglomeration', '2024-02-09 04:42:35', '2026-11-25 18:40:44'),
(218, 'ahake5r@theguardian.com', 'ekas5r', 'Multi-tiered cohesive groupware', '2024-11-09 09:51:41', '2026-10-11 05:47:13'),
(219, 'focurrine5s@csmonitor.com', 'lstennine5s', 'Multi-tiered needs-based intranet', '2024-04-02 22:51:07', '2026-11-05 00:57:40'),
(220, 'wbrownhall5t@oaic.gov.au', 'rcrosskell5t', 'Virtual bifurcated groupware', '2024-05-05 10:48:29', '2026-03-04 14:49:57'),
(221, 'eroggieri5u@hostgator.com', 'fmacleod5u', 'Assimilated didactic paradigm', '2024-08-07 14:54:16', '2026-10-28 09:07:42'),
(222, 'jmargach5v@4shared.com', 'apipping5v', 'Implemented uniform pricing structure', '2024-01-20 00:54:21', '2026-04-04 00:03:00'),
(223, 'gseares5w@cbsnews.com', 'wkivlehan5w', 'Devolved solution-oriented info-mediaries', '2024-09-26 15:30:49', '2026-01-01 03:47:59'),
(224, 'ksimonsson5x@odnoklassniki.ru', 'selcome5x', 'Implemented zero administration forecast', '2024-10-18 09:57:11', '2026-12-09 06:50:11'),
(225, 'kwarrington5y@cnbc.com', 'larmistead5y', 'Seamless client-server task-force', '2024-04-12 02:02:43', '2026-03-08 17:52:54'),
(226, 'ameltetal5z@ocn.ne.jp', 'apedgrift5z', 'Virtual next generation migration', '2024-01-29 06:11:53', '2026-04-24 13:22:09'),
(227, 'agammack60@theguardian.com', 'dkorpolak60', 'Monitored contextually-based internet solution', '2024-08-31 15:07:39', '2026-04-30 14:59:47'),
(228, 'fable61@house.gov', 'kbarbisch61', 'Extended global capability', '2024-09-28 13:56:11', '2026-08-28 07:56:05'),
(229, 'pannwyl62@nifty.com', 'lpatridge62', 'Persevering composite throughput', '2024-04-03 22:07:10', '2026-08-28 08:37:04'),
(230, 'vgilffilland63@privacy.gov.au', 'phayesman63', 'Reduced homogeneous focus group', '2024-07-22 17:08:34', '2026-08-26 05:14:49'),
(231, 'mkiledal64@etsy.com', 'ejizhaki64', 'Function-based coherent methodology', '2024-02-05 23:04:36', '2026-05-26 12:10:49'),
(232, 'sstenners65@intel.com', 'crylatt65', 'Innovative encompassing Graphic Interface', '2024-05-14 22:51:49', '2026-03-08 16:09:47'),
(233, 'tmarchant66@wikia.com', 'lbauduccio66', 'Stand-alone well-modulated monitoring', '2024-09-23 11:57:47', '2026-05-03 19:10:28'),
(234, 'rnockalls67@macromedia.com', 'cbailess67', 'Multi-layered maximized standardization', '2024-05-30 08:19:21', '2026-04-16 09:13:40'),
(235, 'ecasaroli68@nps.gov', 'cspincks68', 'Stand-alone multi-tasking migration', '2024-07-25 10:29:44', '2026-09-06 03:00:09'),
(236, 'ccorteney69@bandcamp.com', 'jellse69', 'Fully-configurable impactful portal', '2024-05-31 16:09:47', '2026-10-31 06:53:34'),
(237, 'falbion6a@eventbrite.com', 'amalkin6a', 'Right-sized dynamic implementation', '2024-10-14 14:21:35', '2026-12-10 02:36:12'),
(238, 'amyall6b@army.mil', 'cdewey6b', 'Organized clear-thinking infrastructure', '2024-04-03 22:43:17', '2026-11-06 18:20:27'),
(239, 'alille6c@cornell.edu', 'smerle6c', 'Reactive fault-tolerant utilisation', '2024-07-18 10:23:47', '2026-11-12 08:59:58'),
(240, 'abiskupek6d@hexun.com', 'cfantin6d', 'Vision-oriented neutral system engine', '2024-07-17 11:52:58', '2026-10-28 03:04:47'),
(241, 'mduesbury6e@amazonaws.com', 'gdavidzon6e', 'User-friendly systemic methodology', '2024-06-10 03:24:32', '2026-12-04 23:48:12'),
(242, 'poflaherty6f@smh.com.au', 'rglyssanne6f', 'User-friendly client-driven focus group', '2024-05-03 19:21:24', '2026-06-08 10:23:26'),
(243, 'hrubenchik6g@51.la', 'vgheorghescu6g', 'Visionary eco-centric strategy', '2024-05-20 18:57:13', '2026-03-02 20:56:13'),
(244, 'bnoton6h@artisteer.com', 'bgiacopini6h', 'Sharable optimizing encryption', '2024-10-14 06:06:25', '2026-11-26 15:30:18'),
(245, 'kgayther6i@chronoengine.com', 'dtreend6i', 'Implemented asymmetric conglomeration', '2024-09-30 02:25:33', '2026-08-29 14:36:07'),
(246, 'sbembrick6j@geocities.com', 'araymond6j', 'Synergistic holistic ability', '2024-10-14 12:47:21', '2026-10-20 01:41:29'),
(247, 'dgorner6k@studiopress.com', 'kbottle6k', 'Grass-roots leading edge functionalities', '2024-01-25 17:42:48', '2025-12-20 06:14:00'),
(248, 'lmckirton6l@upenn.edu', 'cedie6l', 'Intuitive composite knowledge base', '2024-10-19 15:35:40', '2026-11-02 08:25:32'),
(249, 'wkelling6m@technorati.com', 'pwhittaker6m', 'Diverse explicit analyzer', '2024-04-12 12:51:41', '2026-06-11 20:04:54'),
(250, 'emeader6n@creativecommons.org', 'bdelcastel6n', 'Fully-configurable incremental open system', '2024-03-21 03:20:02', '2026-01-11 04:07:17'),
(251, 'rscocroft6o@jiathis.com', 'fcurnow6o', 'Down-sized grid-enabled benchmark', '2024-04-26 18:18:00', '2026-01-10 21:48:55'),
(252, 'rstaples6p@mapquest.com', 'ndenty6p', 'Profit-focused eco-centric functionalities', '2024-02-14 18:59:43', '2026-02-22 21:47:34'),
(253, 'mgodspeede6q@vkontakte.ru', 'tjohann6q', 'Compatible dedicated superstructure', '2024-07-26 19:12:29', '2026-04-08 04:16:05'),
(254, 'lblackston6r@bbc.co.uk', 'ebrine6r', 'Focused neutral encoding', '2023-12-26 13:35:43', '2026-05-01 06:50:40'),
(255, 'bsiddele6s@github.io', 'sdagger6s', 'Extended coherent service-desk', '2024-02-22 23:05:15', '2026-02-11 20:17:54'),
(256, 'pgobert6t@gmpg.org', 'ftompkins6t', 'Re-contextualized object-oriented challenge', '2024-10-08 18:39:02', '2026-06-09 05:40:25'),
(257, 'habbatini6u@cisco.com', 'tdelong6u', 'Reactive intangible concept', '2024-03-07 18:29:58', '2026-11-03 17:01:06'),
(258, 'gpalfreyman6v@webmd.com', 'dshearstone6v', 'Centralized homogeneous data-warehouse', '2024-04-23 01:51:32', '2026-02-10 23:12:02'),
(259, 'awitson6w@spotify.com', 'jnorthcote6w', 'Reactive intermediate analyzer', '2024-04-09 09:53:39', '2026-11-21 08:22:51'),
(260, 'kmoneypenny6x@arstechnica.com', 'jbuxsy6x', 'Vision-oriented optimal projection', '2024-12-08 17:25:46', '2026-07-30 01:18:07'),
(261, 'dzanardii6y@themeforest.net', 'pbausmann6y', 'Visionary heuristic infrastructure', '2024-09-22 11:15:28', '2026-07-29 17:31:27'),
(262, 'jcabena6z@baidu.com', 'kbuckie6z', 'Focused bifurcated software', '2024-01-23 04:48:10', '2026-08-10 00:32:43'),
(263, 'mcockney70@posterous.com', 'zcoles70', 'Team-oriented static secured line', '2024-05-12 20:06:51', '2026-08-24 18:49:56'),
(264, 'nryburn71@friendfeed.com', 'mdosdale71', 'Synergized empowering moderator', '2024-01-14 22:28:58', '2026-05-25 00:18:38'),
(265, 'ydomonkos72@army.mil', 'cfranciottoi72', 'Multi-channelled radical infrastructure', '2024-11-05 22:14:57', '2025-12-28 19:04:17'),
(266, 'dknightsbridge73@ebay.com', 'fdreus73', 'Open-architected static archive', '2024-02-25 06:13:57', '2026-07-17 04:31:52'),
(267, 'bmertsching74@wufoo.com', 'apogson74', 'Reactive fault-tolerant firmware', '2024-08-10 04:16:18', '2026-08-17 04:04:30'),
(268, 'tettridge75@state.gov', 'hblest75', 'Synergistic empowering time-frame', '2024-10-29 03:47:25', '2026-10-16 11:08:02'),
(269, 'xmchenry76@phpbb.com', 'ncrake76', 'Organic high-level access', '2024-09-18 02:08:53', '2026-04-24 00:01:40'),
(270, 'sondrich77@joomla.org', 'cstolberger77', 'Multi-layered dynamic circuit', '2024-01-16 12:57:22', '2026-03-04 19:58:42'),
(271, 'dzecchinii78@bbc.co.uk', 'eosgardby78', 'Customer-focused needs-based protocol', '2024-09-06 02:30:27', '2026-09-21 01:02:02'),
(272, 'cmityakov79@amazon.co.uk', 'chulks79', 'Networked 3rd generation intranet', '2024-11-05 12:40:57', '2026-01-18 15:53:49'),
(273, 'csmees7a@loc.gov', 'tdenness7a', 'Operative uniform functionalities', '2024-08-09 04:02:18', '2026-03-04 22:16:26'),
(274, 'kgeratasch7b@opensource.org', 'hadrianello7b', 'Mandatory radical circuit', '2024-05-03 00:01:29', '2026-02-09 15:37:09'),
(275, 'lfairnington7c@hatena.ne.jp', 'cgallon7c', 'Focused executive challenge', '2024-08-12 22:45:49', '2026-08-09 16:22:55'),
(276, 'rkleinert7d@globo.com', 'jgarmanson7d', 'Enhanced tertiary workforce', '2024-05-22 19:03:03', '2026-05-12 14:54:52'),
(277, 'vsampey7e@sciencedirect.com', 'rbrockie7e', 'Focused 24 hour open system', '2024-04-17 22:48:26', '2026-09-25 03:40:01'),
(278, 'gsawood7f@typepad.com', 'tslane7f', 'Phased zero tolerance capacity', '2024-11-29 04:58:19', '2026-03-04 07:53:41'),
(279, 'iinns7g@flavors.me', 'aedelston7g', 'Front-line client-server open system', '2024-07-10 02:46:58', '2026-08-15 15:49:39'),
(280, 'mdyson7h@sina.com.cn', 'bglewe7h', 'Profound static emulation', '2023-12-21 19:01:06', '2025-12-22 06:24:12'),
(281, 'aoger7i@pbs.org', 'qbleakman7i', 'Assimilated didactic definition', '2024-04-29 16:14:58', '2026-05-26 03:50:26'),
(282, 'heddins7j@washingtonpost.com', 'mmaddin7j', 'De-engineered clear-thinking system engine', '2024-05-14 13:38:56', '2026-10-28 19:43:19'),
(283, 'porridge7k@surveymonkey.com', 'ckorpolak7k', 'User-centric fresh-thinking paradigm', '2024-08-29 09:44:16', '2026-03-30 02:02:04'),
(284, 'ajennrich7l@histats.com', 'mlindsley7l', 'Function-based well-modulated capability', '2024-02-03 18:35:24', '2026-07-24 07:25:47'),
(285, 'npecht7m@army.mil', 'dbackes7m', 'Proactive real-time moderator', '2024-06-03 05:55:22', '2026-12-01 03:49:17'),
(286, 'tbonniface7n@usda.gov', 'ewilde7n', 'Profit-focused asymmetric info-mediaries', '2024-10-25 10:47:46', '2026-04-17 08:41:21'),
(287, 'cemig7o@nih.gov', 'sscrowby7o', 'Networked 5th generation customer loyalty', '2024-05-27 04:24:08', '2026-06-18 21:12:46'),
(288, 'bashmole7p@facebook.com', 'vshulver7p', 'Decentralized asymmetric service-desk', '2024-01-11 11:24:25', '2026-11-13 10:59:01'),
(289, 'cfatscher7q@globo.com', 'fsharplin7q', 'Customizable next generation capability', '2024-07-16 15:05:08', '2026-10-29 08:13:48'),
(290, 'dcruse7r@ft.com', 'lnormanton7r', 'Implemented homogeneous workforce', '2024-02-21 00:31:16', '2026-07-19 11:29:14'),
(291, 'mpagitt7s@mozilla.org', 'iportman7s', 'Sharable multimedia hardware', '2024-08-22 11:10:30', '2026-09-23 14:55:00'),
(292, 'scommander7t@craigslist.org', 'mlavalle7t', 'Decentralized fresh-thinking archive', '2024-01-23 03:35:09', '2026-06-15 13:12:10'),
(293, 'vtoll7u@thetimes.co.uk', 'dtooke7u', 'Assimilated non-volatile info-mediaries', '2024-09-03 16:35:32', '2026-03-13 15:04:30'),
(294, 'bmutch7v@eventbrite.com', 'csabban7v', 'Multi-lateral methodical leverage', '2024-09-13 08:29:02', '2026-01-08 01:27:53'),
(295, 'gedinburgh7w@virginia.edu', 'agerbi7w', 'Grass-roots leading edge database', '2024-05-23 04:11:26', '2026-06-06 00:49:44'),
(296, 'gglew7x@scientificamerican.com', 'acrudge7x', 'Customizable exuding frame', '2024-11-17 13:15:18', '2026-05-20 16:42:54'),
(297, 'aburwin7y@hubpages.com', 'bizchaki7y', 'Phased scalable implementation', '2024-04-14 08:38:47', '2026-02-26 00:23:57'),
(298, 'aroizn7z@unicef.org', 'msproule7z', 'Object-based explicit info-mediaries', '2024-06-15 18:41:57', '2026-06-18 01:09:59'),
(299, 'smahmood80@spiegel.de', 'ssherwell80', 'Robust bandwidth-monitored initiative', '2024-07-25 14:38:37', '2026-10-31 18:10:54'),
(300, 'meastway81@sfgate.com', 'klearoid81', 'Distributed actuating product', '2024-09-02 17:53:13', '2026-05-31 13:59:01'),
(301, 'mabelwhite82@google.pl', 'mjonathon82', 'Proactive context-sensitive attitude', '2024-08-16 04:47:03', '2026-04-15 22:00:33'),
(302, 'sjaszczak83@yellowbook.com', 'lcramond83', 'Stand-alone asymmetric firmware', '2024-02-04 18:56:58', '2026-11-19 06:08:29'),
(303, 'kgrioli84@spotify.com', 'ffeild84', 'Front-line bandwidth-monitored support', '2024-01-31 05:49:45', '2026-05-28 08:04:22'),
(304, 'jcalderon85@printfriendly.com', 'srachuig85', 'User-friendly neutral budgetary management', '2024-11-02 14:21:11', '2026-09-22 23:35:42'),
(305, 'omarkushkin86@fda.gov', 'cburkwood86', 'Intuitive upward-trending intranet', '2024-06-16 21:43:54', '2026-10-02 17:12:29'),
(306, 'dlayland87@yolasite.com', 'ccicchetto87', 'Business-focused zero defect parallelism', '2023-12-30 10:28:39', '2026-04-13 01:03:22'),
(307, 'msaggs88@acquirethisname.com', 'murlich88', 'Ameliorated fresh-thinking standardization', '2024-04-07 16:43:52', '2026-10-11 02:51:17'),
(308, 'pmival89@home.pl', 'aavraham89', 'Seamless bi-directional database', '2024-07-16 15:25:47', '2026-06-07 21:48:16'),
(309, 'hvedyashkin8a@pcworld.com', 'plikly8a', 'Stand-alone exuding archive', '2024-09-12 12:29:50', '2026-03-28 13:25:53'),
(310, 'arevel8b@whitehouse.gov', 'ostribbling8b', 'Optional uniform paradigm', '2024-06-28 11:47:36', '2026-05-15 05:11:53'),
(311, 'ygrubb8c@moonfruit.com', 'oclutten8c', 'Right-sized disintermediate software', '2024-06-03 18:07:39', '2026-02-06 05:04:50'),
(312, 'snisbith8d@nationalgeographic.com', 'joley8d', 'Optimized demand-driven website', '2024-05-15 07:39:20', '2026-11-23 13:06:06'),
(313, 'wyellep8e@amazon.co.jp', 'kbrigginshaw8e', 'Devolved static middleware', '2024-03-02 11:18:37', '2026-06-27 10:18:03'),
(314, 'jmccrackan8f@blogs.com', 'aaked8f', 'Synergistic uniform frame', '2024-04-15 14:13:48', '2026-02-20 05:58:18'),
(315, 'dbolan8g@cloudflare.com', 'ifewtrell8g', 'Managed leading edge emulation', '2024-01-31 10:27:18', '2026-07-27 16:35:55'),
(316, 'bcastanie8h@blogtalkradio.com', 'hjovey8h', 'Reverse-engineered maximized portal', '2024-02-27 20:14:17', '2026-02-27 21:08:44'),
(317, 'vblest8i@nytimes.com', 'dgolson8i', 'Synergized 3rd generation complexity', '2024-05-18 01:09:08', '2026-08-10 15:09:20'),
(318, 'amealand8j@symantec.com', 'cbastow8j', 'Multi-channelled national website', '2024-06-25 11:09:15', '2026-12-01 15:57:27'),
(319, 'estolze8k@quantcast.com', 'ldaddow8k', 'Stand-alone encompassing benchmark', '2024-10-22 03:43:08', '2026-04-14 02:36:44'),
(320, 'aburnhard8l@dedecms.com', 'gbaseke8l', 'Decentralized uniform hardware', '2024-11-08 09:49:55', '2026-06-24 18:56:02'),
(321, 'lnewbury8m@themeforest.net', 'ddefty8m', 'Networked solution-oriented adapter', '2024-12-05 15:43:21', '2026-11-14 13:29:12'),
(322, 'gtimcke8n@discovery.com', 'naymeric8n', 'Ergonomic optimal database', '2024-10-19 17:46:50', '2026-02-27 05:34:16'),
(323, 'mrebanks8o@youtube.com', 'tsmitheman8o', 'Streamlined incremental hub', '2024-05-27 21:18:06', '2026-09-09 04:18:01'),
(324, 'fhurrell8p@amazon.co.jp', 'kdicken8p', 'Grass-roots responsive flexibility', '2024-08-06 00:12:44', '2026-05-20 05:20:39'),
(325, 'mgoggen8q@wsj.com', 'chardstaff8q', 'Function-based demand-driven solution', '2024-02-15 16:11:01', '2026-03-19 18:45:07'),
(326, 'ntipple8r@intel.com', 'dsyred8r', 'Advanced background focus group', '2024-08-30 22:38:17', '2026-01-09 16:35:32'),
(327, 'ttirrey8s@harvard.edu', 'gsotworth8s', 'Innovative global circuit', '2024-11-09 12:30:18', '2026-01-13 02:23:39'),
(328, 'cscandwright8t@tripadvisor.com', 'lrosenwasser8t', 'Ameliorated zero administration Graphical User Interface', '2024-01-23 07:41:58', '2026-08-03 04:39:39'),
(329, 'jgeockle8u@ow.ly', 'bcuddon8u', 'Reactive bottom-line time-frame', '2024-06-13 17:25:14', '2026-07-31 22:19:53'),
(330, 'mhillam8v@craigslist.org', 'shaworth8v', 'Team-oriented fresh-thinking hardware', '2024-02-14 23:38:20', '2026-07-17 10:03:01'),
(331, 'jcussons8w@delicious.com', 'echevers8w', 'Synergistic dynamic instruction set', '2024-10-10 05:57:33', '2026-10-09 22:11:43'),
(332, 'mglaves8x@tinypic.com', 'bchawkley8x', 'Exclusive zero administration knowledge user', '2023-12-14 19:37:38', '2026-10-21 20:12:22'),
(333, 'oradbourn8y@jalbum.net', 'ckinnane8y', 'Distributed transitional parallelism', '2024-10-14 17:28:00', '2026-09-02 10:49:37'),
(334, 'mtasch8z@webeden.co.uk', 'kcourt8z', 'Networked neutral project', '2024-10-05 08:01:52', '2026-02-16 01:00:48'),
(335, 'estallibrass90@amazon.de', 'mgrayston90', 'Implemented static secured line', '2024-03-25 04:54:11', '2026-10-02 11:40:05'),
(336, 'etrounson91@jalbum.net', 'jbrute91', 'Team-oriented systemic access', '2024-09-28 00:22:29', '2026-06-17 21:59:33'),
(337, 'brhodes92@uol.com.br', 'fmoroney92', 'Optimized logistical hardware', '2024-10-20 13:03:29', '2026-06-20 07:05:39'),
(338, 'thebden93@techcrunch.com', 'sbriggs93', 'Face to face human-resource challenge', '2024-04-27 11:27:15', '2026-06-29 01:50:26'),
(339, 'kbrik94@usa.gov', 'ccoomber94', 'Pre-emptive explicit collaboration', '2024-08-05 11:27:43', '2026-09-09 13:30:33'),
(340, 'gspencer95@geocities.jp', 'zelvish95', 'Open-source incremental initiative', '2024-11-18 17:36:22', '2026-08-30 11:18:29'),
(341, 'jprover96@cdc.gov', 'jbuckenham96', 'Intuitive 4th generation toolset', '2023-12-24 08:42:01', '2026-09-04 15:57:40'),
(342, 'hhegerty97@myspace.com', 'rseals97', 'Stand-alone content-based secured line', '2024-10-30 17:45:16', '2026-08-09 16:46:48'),
(343, 'ppriddie98@xinhuanet.com', 'wcroall98', 'User-centric 6th generation help-desk', '2024-03-08 22:13:23', '2026-06-30 01:51:09'),
(344, 'sessex99@huffingtonpost.com', 'lcullinane99', 'Reverse-engineered client-driven project', '2024-10-17 20:58:04', '2026-05-07 06:39:55'),
(345, 'cgabites9a@nyu.edu', 'lmcdermott9a', 'Devolved disintermediate toolset', '2024-09-19 03:34:37', '2026-05-04 16:20:39'),
(346, 'kchoupin9b@yandex.ru', 'trooksby9b', 'Fundamental user-facing software', '2024-10-07 05:41:06', '2026-02-04 02:04:22'),
(347, 'fireson9c@storify.com', 'pkaplan9c', 'Enterprise-wide grid-enabled application', '2024-01-26 19:37:22', '2026-03-05 08:49:46'),
(348, 'fcallf9d@ihg.com', 'drothman9d', 'Upgradable motivating success', '2024-11-20 18:51:18', '2026-10-21 23:15:50'),
(349, 'cburnsall9e@prweb.com', 'canwyl9e', 'Intuitive demand-driven secured line', '2024-01-12 23:29:11', '2026-11-22 22:56:02'),
(350, 'irotge9f@aol.com', 'aduigan9f', 'Synergized bifurcated ability', '2024-07-12 09:47:35', '2026-02-12 16:53:47'),
(351, 'cphilipps9g@gov.uk', 'cstrelitz9g', 'Customizable 3rd generation neural-net', '2024-10-29 01:42:24', '2026-08-29 21:41:57'),
(352, 'mohallagan9h@virginia.edu', 'lbruford9h', 'Enterprise-wide asymmetric intranet', '2024-06-23 02:18:01', '2026-05-24 04:20:26'),
(353, 'istollmeier9i@elegantthemes.com', 'asallery9i', 'Total global leverage', '2024-01-13 11:08:50', '2026-03-20 17:38:25'),
(354, 'njewar9j@slideshare.net', 'share9j', 'Cross-group local projection', '2024-05-19 22:35:20', '2026-06-04 14:55:32'),
(355, 'ctripcony9k@dailymotion.com', 'alanders9k', 'Multi-lateral uniform knowledge base', '2024-10-08 19:45:35', '2026-01-08 01:10:37'),
(356, 'singham9l@upenn.edu', 'dgerkens9l', 'Face to face fault-tolerant Graphic Interface', '2024-07-11 03:09:25', '2026-09-23 11:35:21'),
(357, 'chowship9m@over-blog.com', 'epriestner9m', 'Organized grid-enabled software', '2024-11-09 00:08:59', '2026-10-29 11:53:25'),
(358, 'lkempster9n@seattletimes.com', 'tbirks9n', 'Centralized global alliance', '2024-04-11 20:51:30', '2026-11-25 18:43:46'),
(359, 'htipperton9o@bbb.org', 'hconichie9o', 'Robust bifurcated parallelism', '2024-11-28 14:00:47', '2026-08-21 13:47:53'),
(360, 'fleuty9p@google.fr', 'mmapis9p', 'User-friendly scalable budgetary management', '2024-11-15 12:31:23', '2026-06-16 00:54:58'),
(361, 'mrobken9q@cornell.edu', 'nskeete9q', 'Integrated multi-tasking budgetary management', '2024-06-18 03:56:32', '2026-06-16 17:53:40'),
(362, 'elangfitt9r@live.com', 'cdawber9r', 'Assimilated impactful open system', '2024-02-08 12:55:13', '2026-11-07 00:32:56'),
(363, 'amcnaughton9s@telegraph.co.uk', 'rdiruggiero9s', 'Horizontal upward-trending workforce', '2024-02-25 13:39:57', '2026-08-31 08:47:36'),
(364, 'dgotthard9t@tmall.com', 'shooks9t', 'Reverse-engineered upward-trending task-force', '2024-03-13 03:45:45', '2026-08-30 09:25:25'),
(365, 'achamney9u@jugem.jp', 'nparmenter9u', 'Multi-channelled full-range migration', '2024-08-03 09:28:42', '2026-08-27 08:00:01'),
(366, 'fgirk9v@twitter.com', 'wskarin9v', 'Synergized discrete knowledge base', '2023-12-24 05:01:12', '2026-07-07 00:08:17'),
(367, 'akohlerman9w@smh.com.au', 'vvonhindenburg9w', 'Reduced neutral methodology', '2024-04-13 11:09:22', '2026-06-30 16:19:42'),
(368, 'camoss9x@infoseek.co.jp', 'gwaterhouse9x', 'Realigned intermediate product', '2024-08-03 16:44:45', '2026-01-24 08:49:07'),
(369, 'gbolton9y@elegantthemes.com', 'lhaxell9y', 'Balanced background ability', '2024-06-21 06:58:24', '2026-05-05 22:06:11'),
(370, 'rashby9z@gravatar.com', 'bsidary9z', 'Proactive didactic parallelism', '2024-11-22 17:10:31', '2026-01-03 00:41:50'),
(371, 'wmerringa0@flickr.com', 'atsarovica0', 'Optional bifurcated internet solution', '2024-06-17 15:53:34', '2026-12-01 02:09:42'),
(372, 'zszymonwicza1@cnbc.com', 'amcglashana1', 'Business-focused optimizing conglomeration', '2024-09-20 00:33:44', '2026-04-22 03:30:31'),
(373, 'bpledgea2@hexun.com', 'tmossopa2', 'Enterprise-wide executive success', '2024-03-08 03:41:36', '2026-05-05 00:01:42'),
(374, 'rdahlberga3@cbc.ca', 'mwhittleseaa3', 'Quality-focused mobile contingency', '2024-08-23 11:38:58', '2026-02-26 08:51:11'),
(375, 'jadamczewskia4@reference.com', 'fchiecoa4', 'Open-source needs-based data-warehouse', '2024-02-20 18:59:48', '2026-07-15 00:05:39'),
(376, 'whaughina5@edublogs.org', 'aspiera5', 'Enterprise-wide logistical architecture', '2024-09-25 16:42:07', '2026-11-07 00:53:36'),
(377, 'iboylina6@usnews.com', 'pmaccartneya6', 'Right-sized tertiary Graphical User Interface', '2024-04-08 05:06:45', '2026-04-24 08:37:18'),
(378, 'grudlanda7@imdb.com', 'jsalvina7', 'Robust leading edge firmware', '2024-04-23 23:32:23', '2026-03-05 11:26:44'),
(379, 'raskewa8@ycombinator.com', 'dhevnera8', 'Switchable neutral archive', '2023-12-27 05:30:10', '2026-05-02 13:08:59'),
(380, 'dwaldiea9@google.co.jp', 'tpinnockea9', 'Business-focused human-resource Graphical User Interface', '2024-05-31 13:41:39', '2026-02-02 04:30:08'),
(381, 'okentishaa@washingtonpost.com', 'kjedrzejczykaa', 'Public-key optimal database', '2023-12-12 06:38:48', '2026-05-08 11:40:53'),
(382, 'cscarbarrowab@umn.edu', 'hsheeringab', 'Operative empowering productivity', '2024-05-16 11:24:14', '2026-12-09 14:50:02'),
(383, 'sdekeepac@spiegel.de', 'gshemeltac', 'Robust even-keeled concept', '2024-08-29 02:01:38', '2026-10-27 12:28:24'),
(384, 'gvittoread@exblog.jp', 'odupreead', 'User-friendly human-resource structure', '2024-04-21 23:15:41', '2026-11-08 08:45:49'),
(385, 'kgladdenae@mac.com', 'lsahnowae', 'Compatible local challenge', '2024-07-17 19:30:34', '2026-03-02 16:05:34'),
(386, 'dgascardaf@myspace.com', 'mlintillaf', 'Face to face empowering leverage', '2024-01-25 19:34:13', '2026-01-13 00:12:56'),
(387, 'nhansieag@wikipedia.org', 'dgibbonsag', 'Progressive multi-tasking synergy', '2024-11-24 08:03:45', '2026-04-23 09:18:23');
INSERT INTO `kayttajat` (`kayttaja_tunnus`, `sahkoposti`, `kayttajanimi`, `kuvaus`, `rekisterointipaivamaara`, `viimeisen_kaynti`) VALUES
(388, 'chaggathah@cnet.com', 'bfellmanah', 'Function-based motivating artificial intelligence', '2024-10-01 00:55:13', '2025-12-20 23:34:57'),
(389, 'lanlayai@wikispaces.com', 'dwaplesai', 'Multi-layered 3rd generation functionalities', '2024-08-08 02:38:50', '2026-06-08 14:19:47'),
(390, 'rmapholmaj@hhs.gov', 'fgiovannoniaj', 'Self-enabling discrete customer loyalty', '2024-11-20 16:13:28', '2026-07-20 11:02:03'),
(391, 'nlippiniak@mlb.com', 'saspinalak', 'Networked attitude-oriented secured line', '2024-03-01 07:43:57', '2026-09-13 09:29:34'),
(392, 'pbothenal@diigo.com', 'tpatiseal', 'Grass-roots demand-driven productivity', '2024-08-14 13:34:29', '2026-03-05 08:27:53'),
(393, 'tannettam@pinterest.com', 'bobellam', 'Innovative 3rd generation definition', '2024-08-20 14:38:33', '2026-05-16 23:31:56'),
(394, 'eorrickan@reverbnation.com', 'kdornan', 'Triple-buffered demand-driven array', '2024-05-01 08:43:36', '2026-02-23 11:16:24'),
(395, 'hhastonao@engadget.com', 'cfeltenao', 'Stand-alone real-time process improvement', '2024-07-23 15:28:02', '2026-02-09 08:55:43'),
(396, 'mdrinkallap@epa.gov', 'elouisotap', 'Re-contextualized zero administration emulation', '2024-04-14 19:49:29', '2026-10-28 03:49:10'),
(397, 'tfuggleaq@google.com', 'rwakerleyaq', 'Realigned user-facing algorithm', '2024-11-29 17:00:29', '2026-12-01 15:30:49'),
(398, 'elambdonar@mozilla.com', 'kilettar', 'Cross-platform impactful moderator', '2024-01-24 20:59:18', '2026-05-18 11:14:14'),
(399, 'rmercikas@merriam-webster.com', 'akeganas', 'Versatile methodical paradigm', '2024-12-01 05:09:07', '2025-12-20 11:03:34'),
(400, 'nmackibbonat@yandex.ru', 'gavramovskyat', 'Assimilated user-facing artificial intelligence', '2024-01-16 08:21:13', '2026-01-07 10:54:02'),
(401, 'swardropeau@unesco.org', 'druddochau', 'Decentralized eco-centric encoding', '2024-04-26 13:14:46', '2026-01-02 04:40:36'),
(402, 'dbeneixav@php.net', 'graltonav', 'De-engineered executive forecast', '2024-10-09 19:37:29', '2026-07-15 21:53:09'),
(403, 'dstreakaw@mysql.com', 'flathwellaw', 'Mandatory global software', '2024-03-28 19:31:01', '2026-07-28 19:10:36'),
(404, 'mmanlowax@xrea.com', 'tlashmarax', 'Enterprise-wide reciprocal ability', '2024-03-31 18:34:20', '2026-11-17 07:37:39'),
(405, 'aphilipponay@ed.gov', 'fcuttingsay', 'Fully-configurable high-level structure', '2024-04-04 22:13:27', '2026-05-29 10:37:52'),
(406, 'ukrugeraz@twitter.com', 'hlouedeyaz', 'Intuitive non-volatile infrastructure', '2023-12-31 00:11:50', '2026-10-21 16:39:44'),
(407, 'geulerb0@earthlink.net', 'oponcefordb0', 'Expanded optimizing framework', '2024-05-03 02:24:20', '2026-10-12 13:38:53'),
(408, 'oambageb1@1und1.de', 'gbolmannb1', 'Cross-platform contextually-based orchestration', '2024-03-29 16:25:25', '2026-05-07 20:27:57'),
(409, 'pbirchillb2@scientificamerican.com', 'jjanusikb2', 'Organic optimal challenge', '2024-07-10 07:18:28', '2026-11-18 02:09:26'),
(410, 'fbattb3@fastcompany.com', 'gsollonb3', 'Vision-oriented actuating matrices', '2024-07-30 03:46:06', '2026-01-10 03:13:33'),
(411, 'vmargramb4@miitbeian.gov.cn', 'gclowesb4', 'Front-line intermediate interface', '2024-01-05 18:50:17', '2026-03-15 22:16:59'),
(412, 'scoleyshawb5@newyorker.com', 'tstillmanb5', 'Future-proofed human-resource model', '2024-12-07 00:25:05', '2025-12-25 03:20:05'),
(413, 'lhourstanb6@scientificamerican.com', 'reltb6', 'Optional object-oriented customer loyalty', '2024-04-27 11:28:29', '2026-02-25 04:44:14'),
(414, 'dkemmettb7@woothemes.com', 'iruggierb7', 'Front-line dynamic system engine', '2024-07-10 08:43:14', '2026-03-03 02:55:59'),
(415, 'mcobellib8@furl.net', 'vallsepb8', 'Innovative high-level projection', '2024-08-06 16:13:04', '2026-08-27 08:33:54'),
(416, 'alothlorienb9@usnews.com', 'primeb9', 'Self-enabling stable approach', '2024-10-24 03:49:48', '2026-03-28 18:28:39'),
(417, 'ylaugharneba@fotki.com', 'rkybertba', 'Cross-platform local matrix', '2024-07-26 20:12:55', '2026-10-24 17:42:59'),
(418, 'tpiccardbb@wisc.edu', 'leveralbb', 'Decentralized well-modulated attitude', '2024-10-29 18:46:02', '2026-07-19 15:03:02'),
(419, 'mfloresbc@telegraph.co.uk', 'tmaggioribc', 'Monitored discrete definition', '2024-04-06 08:54:29', '2026-11-17 15:16:56'),
(420, 'lswetenhambd@phoca.cz', 'cmcgourtybd', 'Front-line explicit frame', '2024-10-24 03:44:44', '2026-11-23 12:33:26'),
(421, 'bformoybe@usnews.com', 'kassiterbe', 'Synergistic bifurcated ability', '2024-09-11 08:09:07', '2026-09-27 13:33:35'),
(422, 'bklammanbf@blogs.com', 'itesmondbf', 'Configurable reciprocal approach', '2024-11-23 08:22:01', '2026-10-29 18:29:45'),
(423, 'knewtownbg@time.com', 'bcopellobg', 'Devolved bi-directional knowledge base', '2024-08-29 09:34:47', '2026-08-26 08:30:28'),
(424, 'mmaggorinibh@state.tx.us', 'jmacaulaybh', 'Customer-focused zero administration data-warehouse', '2024-03-02 14:03:17', '2026-09-01 16:55:15'),
(425, 'kheindrichbi@mlb.com', 'jhunnbi', 'Public-key coherent approach', '2024-08-10 16:53:37', '2026-02-24 21:43:21'),
(426, 'pwatersbj@si.edu', 'gkrauzebj', 'Optimized methodical middleware', '2024-03-20 21:53:22', '2026-05-31 10:30:17'),
(427, 'rvossebk@tiny.cc', 'rguiderabk', 'Right-sized 24/7 model', '2024-03-19 16:28:16', '2026-07-12 00:13:23'),
(428, 'cwakehambl@dot.gov', 'mmilleabl', 'Multi-channelled tertiary capability', '2024-05-17 10:58:33', '2026-06-16 12:20:11'),
(429, 'odewolfebm@nps.gov', 'ccrathornebm', 'Quality-focused static protocol', '2024-08-10 23:49:35', '2026-10-15 05:28:58'),
(430, 'rfeldmarkbn@prlog.org', 'bcottelbn', 'Realigned foreground intranet', '2024-02-16 04:58:37', '2026-08-02 03:37:01'),
(431, 'eabdybo@chron.com', 'dcrowdbo', 'Up-sized dedicated alliance', '2024-05-25 18:55:22', '2026-10-03 06:37:25'),
(432, 'laleksichbp@businessweek.com', 'kkienzlebp', 'Configurable demand-driven attitude', '2024-01-17 14:09:30', '2025-12-27 17:25:24'),
(433, 'rbemlottbq@bbb.org', 'bbootherbq', 'Inverse real-time info-mediaries', '2024-08-30 15:37:18', '2026-05-02 11:21:34'),
(434, 'rcharrettebr@bandcamp.com', 'gceriebr', 'Managed systemic throughput', '2024-09-20 11:06:58', '2026-05-06 06:07:29'),
(435, 'kknevetbs@facebook.com', 'gflahivebs', 'Synergistic client-driven middleware', '2024-01-27 07:14:27', '2026-11-30 03:37:41'),
(436, 'amauvinbt@clickbank.net', 'amocherbt', 'Monitored directional methodology', '2024-09-10 11:54:47', '2026-08-09 03:32:54'),
(437, 'eberriganbu@arstechnica.com', 'dcrowhurstbu', 'Vision-oriented discrete local area network', '2024-02-05 13:26:09', '2025-12-25 07:13:58'),
(438, 'jpackingtonbv@reddit.com', 'yfoynesbv', 'Vision-oriented system-worthy local area network', '2024-10-08 16:59:13', '2026-04-05 13:46:16'),
(439, 'apierrepontbw@hud.gov', 'cmaginotbw', 'De-engineered needs-based software', '2024-06-02 15:58:56', '2026-02-05 03:43:15'),
(440, 'twillshirebx@businessweek.com', 'clambirdbx', 'Progressive exuding archive', '2024-04-29 19:50:34', '2026-05-07 01:56:03'),
(441, 'eroullierby@liveinternet.ru', 'vfumagalliby', 'Persistent incremental forecast', '2024-09-24 06:57:38', '2026-11-17 05:14:45'),
(442, 'tledwitchbz@youtu.be', 'cfluinbz', 'Front-line full-range database', '2024-09-21 01:22:02', '2025-12-16 18:59:03'),
(443, 'tjirekc0@163.com', 'agorsec0', 'Upgradable reciprocal paradigm', '2024-06-12 17:30:24', '2026-02-22 21:14:41'),
(444, 'rwoolvinc1@stanford.edu', 'zshildrickc1', 'Stand-alone reciprocal capacity', '2024-06-11 12:18:30', '2026-04-12 02:27:36'),
(445, 'sdrakec2@home.pl', 'spayfootc2', 'Operative solution-oriented methodology', '2024-09-02 16:24:26', '2026-09-27 10:20:58'),
(446, 'sattonc3@weather.com', 'mwernherc3', 'Mandatory scalable monitoring', '2023-12-12 22:55:50', '2026-10-25 12:04:35'),
(447, 'oambrosettic4@wunderground.com', 'tbangleyc4', 'Function-based foreground alliance', '2024-06-02 18:48:02', '2026-01-26 21:12:02'),
(448, 'ccellac5@lulu.com', 'dbillhamc5', 'Ameliorated global help-desk', '2024-05-12 17:14:31', '2026-08-22 03:34:15'),
(449, 'jchancellorc6@home.pl', 'vscarsec6', 'Triple-buffered attitude-oriented focus group', '2024-06-27 17:31:55', '2026-06-11 21:44:06'),
(450, 'pchiccoc7@adobe.com', 'babdeyc7', 'Virtual needs-based ability', '2024-04-17 06:44:54', '2026-03-18 11:38:09'),
(451, 'dlouthc8@behance.net', 'fmarchamc8', 'Function-based zero defect migration', '2024-11-16 12:35:26', '2026-11-28 15:12:27'),
(452, 'gjancyc9@senate.gov', 'kheintschc9', 'Innovative needs-based leverage', '2024-07-02 00:45:54', '2026-07-02 19:41:01'),
(453, 'ddarnellca@hubpages.com', 'avasilikca', 'Enhanced incremental project', '2024-01-28 15:08:40', '2026-07-19 14:38:51'),
(454, 'mshermarcb@globo.com', 'ccogercb', 'Face to face reciprocal encryption', '2024-09-18 02:26:19', '2025-12-21 17:25:08'),
(455, 'ealleynecc@answers.com', 'bfawdrycc', 'Cross-group background firmware', '2024-04-14 03:46:31', '2026-01-30 09:36:59'),
(456, 'pseelycd@shinystat.com', 'bmoycd', 'Switchable methodical customer loyalty', '2024-09-10 16:51:08', '2025-12-25 13:57:18'),
(457, 'moleksinskice@ox.ac.uk', 'ehoovartce', 'Implemented 24/7 throughput', '2024-09-02 14:31:47', '2026-01-16 07:09:13'),
(458, 'rfiggscf@cisco.com', 'kscimonecf', 'Multi-layered analyzing archive', '2024-06-11 22:59:27', '2026-05-27 13:34:26'),
(459, 'dstoffercg@uiuc.edu', 'pkendrickcg', 'Seamless client-driven circuit', '2024-09-03 00:08:48', '2026-10-07 16:28:51'),
(460, 'obasantch@gmpg.org', 'kfavillch', 'Intuitive user-facing productivity', '2024-04-01 05:07:30', '2026-03-09 23:42:32'),
(461, 'crevanci@miibeian.gov.cn', 'jwinspareci', 'Profound heuristic installation', '2024-10-21 02:22:00', '2026-01-18 17:47:31'),
(462, 'snoorwoodcj@fema.gov', 'dtoyercj', 'Multi-tiered optimal interface', '2024-07-11 02:51:32', '2026-10-27 09:20:38'),
(463, 'collerhadck@msn.com', 'akhotlerck', 'Integrated actuating neural-net', '2024-10-01 18:35:18', '2026-02-18 04:34:58'),
(464, 'rboffeycl@yahoo.com', 'fbausercl', 'Expanded bottom-line productivity', '2024-10-04 03:34:30', '2026-11-11 12:38:05'),
(465, 'bmccaheycm@gnu.org', 'jtrittencm', 'De-engineered dedicated flexibility', '2024-07-17 23:25:53', '2026-06-17 00:50:35'),
(466, 'skunischcn@youku.com', 'fiddendencn', 'Ameliorated local portal', '2024-02-19 03:04:13', '2026-07-29 08:08:15'),
(467, 'voganesianco@homestead.com', 'rrudingerco', 'Advanced even-keeled productivity', '2024-07-03 23:39:58', '2025-12-12 04:37:40'),
(468, 'kwaplecp@people.com.cn', 'mabbotcp', 'Realigned cohesive archive', '2024-01-10 14:04:40', '2026-08-25 19:54:42'),
(469, 'mmorsoncq@scribd.com', 'cschubbertcq', 'Business-focused coherent instruction set', '2024-04-18 05:21:16', '2026-09-17 13:38:46'),
(470, 'cyeldoncr@nbcnews.com', 'gmcphadencr', 'User-friendly 24 hour alliance', '2024-01-10 13:59:46', '2026-08-23 03:54:03'),
(471, 'phayllercs@forbes.com', 'dpoluzzics', 'Ergonomic zero administration Graphical User Interface', '2023-12-15 06:58:44', '2026-03-24 15:37:23'),
(472, 'llambrichtct@google.pl', 'ibyarsct', 'Innovative mission-critical internet solution', '2024-01-20 23:58:22', '2026-03-07 10:48:26'),
(473, 'divanyutincu@fastcompany.com', 'pwinsleycu', 'Grass-roots demand-driven capability', '2024-09-10 13:48:21', '2026-02-03 23:23:10'),
(474, 'bkenchcv@sciencedirect.com', 'bardlingcv', 'Switchable discrete task-force', '2024-03-09 03:53:06', '2026-08-14 00:26:13'),
(475, 'travenshawcw@arizona.edu', 'ghanwrightcw', 'Reduced client-driven alliance', '2024-04-28 19:38:45', '2026-05-02 14:06:08'),
(476, 'tfontcx@webeden.co.uk', 'jdoughartiecx', 'Grass-roots global benchmark', '2024-02-10 12:27:20', '2026-03-25 19:41:57'),
(477, 'rreilycy@sohu.com', 'jmckeowoncy', 'Quality-focused high-level migration', '2024-09-02 16:22:10', '2026-04-01 04:06:04'),
(478, 'cwinspearcz@cyberchimps.com', 'jrainscz', 'Fully-configurable zero defect moderator', '2024-02-14 16:48:14', '2025-12-16 00:28:01'),
(479, 'mmasid0@gravatar.com', 'gansilld0', 'Open-architected exuding neural-net', '2024-08-26 11:48:54', '2026-02-04 05:55:46'),
(480, 'ocadagand1@nyu.edu', 'wbalderstoned1', 'De-engineered bottom-line Graphic Interface', '2024-01-13 16:11:27', '2026-01-18 15:26:45'),
(481, 'ascoulerd2@icq.com', 'dohogand2', 'Exclusive heuristic leverage', '2024-02-26 02:16:32', '2026-03-10 17:32:13'),
(482, 'ewhalesd3@ca.gov', 'wbruntd3', 'Virtual motivating approach', '2024-11-05 12:15:24', '2026-07-07 13:48:04'),
(483, 'jhucked4@pen.io', 'lkharchinskid4', 'Re-engineered zero defect ability', '2024-06-22 16:16:28', '2026-02-15 20:35:44'),
(484, 'bsmallcombed5@slideshare.net', 'cfalconertaylord5', 'Monitored analyzing concept', '2024-02-15 05:16:25', '2026-09-24 02:01:55'),
(485, 'pdedamd6@techcrunch.com', 'bfendtd6', 'Right-sized value-added project', '2024-03-05 09:06:06', '2026-09-23 22:53:07'),
(486, 'zsurgenerd7@ning.com', 'ckrollmannd7', 'Customizable fresh-thinking knowledge base', '2024-01-26 17:02:33', '2026-04-09 15:09:16'),
(487, 'tdaviesd8@un.org', 'smolsond8', 'Operative eco-centric portal', '2023-12-21 15:02:18', '2026-04-25 03:54:10'),
(488, 'toulnerd9@eepurl.com', 'ghasslocherd9', 'Synergized maximized workforce', '2024-06-29 19:22:00', '2026-01-13 03:27:07'),
(489, 'cetchesda@google.cn', 'gprinnettda', 'Realigned coherent capability', '2024-11-08 07:26:00', '2026-03-23 17:25:48'),
(490, 'bcopcotedb@tripadvisor.com', 'eforryandb', 'Open-source maximized matrix', '2024-10-25 23:34:59', '2026-10-17 05:12:20'),
(491, 'srevilledc@reference.com', 'arennockdc', 'Synchronised user-facing database', '2024-09-25 10:11:52', '2026-05-19 07:34:59'),
(492, 'hyesinovdd@java.com', 'emackiedd', 'Realigned asynchronous website', '2024-09-11 07:30:19', '2026-09-22 06:42:19'),
(493, 'hostrichde@360.cn', 'kkibbyede', 'Progressive heuristic emulation', '2024-02-04 20:45:15', '2026-03-19 19:34:18'),
(494, 'jnewtondf@about.me', 'mellimandf', 'Team-oriented background data-warehouse', '2024-02-02 08:14:37', '2026-01-21 10:54:10'),
(495, 'kcubbinellidg@youku.com', 'aderelldg', 'Open-architected human-resource complexity', '2024-05-17 11:05:35', '2026-06-13 06:22:27'),
(496, 'efilippellodh@quantcast.com', 'cdunthorndh', 'Customizable web-enabled pricing structure', '2024-04-14 13:09:41', '2026-09-12 17:00:58'),
(497, 'lchristopherdi@patch.com', 'cavorydi', 'Front-line maximized process improvement', '2024-01-05 19:12:17', '2026-10-26 23:39:13'),
(498, 'hmacrorydj@si.edu', 'akiesseldj', 'Enterprise-wide heuristic moderator', '2024-04-18 04:54:58', '2026-08-25 00:32:56'),
(499, 'nevadk@marketwatch.com', 'dkeitleydk', 'Managed human-resource customer loyalty', '2024-07-26 04:12:33', '2026-04-30 23:45:22'),
(500, 'crilingsdl@cmu.edu', 'kpeckdl', 'Reactive systematic toolset', '2024-04-10 16:27:03', '2026-09-14 20:03:59'),
(501, 'jhaulkhamdm@unicef.org', 'dworsnapdm', 'Fundamental systemic synergy', '2024-07-30 07:24:22', '2026-05-17 09:46:03'),
(502, 'kdunnicodn@yahoo.com', 'sblennerhassettdn', 'Object-based exuding process improvement', '2024-11-17 01:08:53', '2026-04-13 05:25:19'),
(503, 'ptabarddo@hexun.com', 'hbreinleindo', 'Seamless web-enabled project', '2024-04-02 06:02:11', '2026-04-10 23:17:21'),
(504, 'geveralldp@sina.com.cn', 'tmaclicedp', 'Seamless multi-state collaboration', '2024-06-30 17:47:10', '2026-04-12 13:17:57'),
(505, 'lpallentdq@nih.gov', 'bpantlingdq', 'Triple-buffered 5th generation attitude', '2024-06-29 02:10:24', '2026-03-09 16:30:35'),
(506, 'msigartdr@prlog.org', 'llongdondr', 'Sharable incremental pricing structure', '2024-11-07 16:15:16', '2025-12-12 23:44:42'),
(507, 'kwaghorneds@ask.com', 'vpolsinds', 'Multi-channelled contextually-based strategy', '2024-02-06 16:22:45', '2026-10-26 11:38:42'),
(508, 'ewickwarthdt@npr.org', 'wgodfreydt', 'Cross-group 5th generation neural-net', '2024-06-24 14:13:19', '2026-04-29 05:46:19'),
(509, 'mlaurischdu@freewebs.com', 'bnozzoliniidu', 'Advanced transitional synergy', '2024-08-24 04:36:42', '2026-03-28 14:09:24'),
(510, 'emedwelldv@hostgator.com', 'rcansdelldv', 'Enhanced optimal superstructure', '2024-05-08 19:34:20', '2026-03-07 22:58:17'),
(511, 'aferenczidw@bigcartel.com', 'saleksandrikindw', 'Expanded foreground core', '2024-02-17 00:37:10', '2026-10-29 17:14:08'),
(512, 'nadolfsendx@xing.com', 'mgiberddx', 'Multi-channelled encompassing workforce', '2024-10-10 21:38:51', '2026-03-19 06:32:14'),
(513, 'jjoesburydy@multiply.com', 'hstrasedy', 'Right-sized multi-state installation', '2024-09-25 11:09:15', '2026-05-29 10:43:03'),
(514, 'bburtonshawdz@surveymonkey.com', 'rblaverdz', 'Switchable actuating service-desk', '2024-05-25 19:44:41', '2026-03-02 16:38:21'),
(515, 'jbenforde0@home.pl', 'aeschalettee0', 'Configurable asymmetric customer loyalty', '2024-01-09 04:38:43', '2026-05-19 05:06:20'),
(516, 'rbluschkee1@techcrunch.com', 'maxtense1', 'Reduced multi-tasking leverage', '2024-05-13 12:41:14', '2026-09-27 21:20:06'),
(517, 'svolete2@g.co', 'acurnicke2', 'Realigned multi-state utilisation', '2024-12-08 02:29:25', '2026-07-29 03:20:29'),
(518, 'mbythewaye3@issuu.com', 'pminneye3', 'Balanced encompassing function', '2024-11-08 10:59:13', '2026-11-24 01:46:48'),
(519, 'npetterse4@bing.com', 'myockneye4', 'Synergized uniform standardization', '2024-08-27 01:42:23', '2026-01-09 14:15:52'),
(520, 'mgiacomellie5@yellowpages.com', 'askrynee5', 'Up-sized intangible core', '2023-12-24 08:33:25', '2026-08-24 10:12:42'),
(521, 'wfearneye6@meetup.com', 'lpolamontaynee6', 'Stand-alone mission-critical throughput', '2024-04-24 11:29:33', '2026-10-29 09:33:11'),
(522, 'itesmonde7@salon.com', 'jzinie7', 'Re-contextualized client-driven moderator', '2024-02-08 07:20:37', '2026-05-16 17:06:40'),
(523, 'njennaroye8@opera.com', 'usaylore8', 'Enhanced foreground algorithm', '2024-12-02 17:46:55', '2026-08-18 17:07:59'),
(524, 'mdanilchenkoe9@intel.com', 'rmorete9', 'Reduced transitional application', '2024-03-03 22:51:47', '2026-02-23 08:09:13'),
(525, 'egliddenea@youtu.be', 'ljoblinea', 'Persevering didactic methodology', '2024-09-09 17:47:49', '2026-09-24 17:54:52'),
(526, 'abuckleyeb@nyu.edu', 'amulvaneyeb', 'Optimized empowering knowledge base', '2024-02-01 14:51:57', '2026-03-09 19:14:08'),
(527, 'gmocharec@cbc.ca', 'rbourkeec', 'Adaptive 24/7 encoding', '2024-10-11 06:50:14', '2026-09-13 10:15:40'),
(528, 'gtooneed@blogspot.com', 'lloaded', 'Customer-focused non-volatile paradigm', '2024-01-29 11:46:01', '2026-06-02 15:45:51'),
(529, 'krecklessee@seattletimes.com', 'ebilsonee', 'Enterprise-wide incremental support', '2024-04-17 01:46:22', '2026-09-22 06:44:20'),
(530, 'hjarrattef@hibu.com', 'rbacupef', 'Customizable exuding encryption', '2024-07-24 21:09:57', '2026-01-03 03:40:17'),
(531, 'hcockleeg@irs.gov', 'ebiaggiolieg', 'Optional non-volatile toolset', '2023-12-12 05:44:53', '2026-08-16 22:47:09'),
(532, 'pklousnereh@people.com.cn', 'cnewsteadeh', 'Function-based encompassing functionalities', '2024-06-12 22:40:07', '2026-08-12 13:05:54'),
(533, 'krekesei@hao123.com', 'cheymannei', 'Mandatory homogeneous function', '2024-10-08 07:29:22', '2026-04-07 09:15:50'),
(534, 'uharborowej@nih.gov', 'lgurkoej', 'Intuitive client-server capability', '2024-05-31 23:49:22', '2026-09-14 06:12:13'),
(535, 'framelotek@drupal.org', 'nwyllcockek', 'Sharable motivating open architecture', '2024-04-09 02:58:49', '2026-02-26 07:22:55'),
(536, 'aroycroftel@google.ca', 'gkeymerel', 'Realigned intermediate middleware', '2024-12-02 21:22:49', '2026-11-03 12:16:31'),
(537, 'tcornilsem@google.it', 'nlabittem', 'Multi-tiered composite budgetary management', '2024-11-16 20:51:42', '2026-09-16 05:49:10'),
(538, 'ccasellasen@cornell.edu', 'ilingneren', 'Fully-configurable hybrid extranet', '2024-02-20 02:36:31', '2026-06-12 09:08:21'),
(539, 'zarmatyseo@myspace.com', 'gdoumerqueeo', 'Switchable radical open architecture', '2024-02-14 10:19:02', '2026-08-23 11:52:08'),
(540, 'lhallowsep@irs.gov', 'hbottomep', 'Open-source secondary product', '2024-09-08 17:32:48', '2025-12-22 18:25:06'),
(541, 'lotteeeq@sfgate.com', 'msawtelleq', 'Decentralized composite customer loyalty', '2024-10-30 17:17:32', '2026-01-07 06:42:43'),
(542, 'gcartyer@zdnet.com', 'hhagguser', 'Multi-tiered empowering workforce', '2024-10-07 09:45:30', '2026-05-16 05:43:09'),
(543, 'adoules@home.pl', 'estigerses', 'Progressive empowering methodology', '2024-03-01 17:37:52', '2026-09-24 01:22:10'),
(544, 'aelkinset@quantcast.com', 'tlowersonet', 'Grass-roots intermediate project', '2024-11-17 00:39:41', '2026-03-24 00:42:30'),
(545, 'ecoultharteu@squidoo.com', 'mcripseu', 'Optional contextually-based functionalities', '2024-10-09 19:35:48', '2026-12-02 20:19:42'),
(546, 'cochiltreeev@amazonaws.com', 'sstruttev', 'Implemented transitional emulation', '2024-01-16 02:18:20', '2026-10-10 17:49:07'),
(547, 'rmourantew@oakley.com', 'svedenyakinew', 'Front-line directional Graphic Interface', '2024-02-26 04:07:45', '2026-09-19 21:43:24'),
(548, 'wlansdownex@cornell.edu', 'rdunneex', 'Digitized mission-critical process improvement', '2024-01-07 06:18:52', '2026-06-18 17:56:32'),
(549, 'pbretoney@telegraph.co.uk', 'hmcilhargaey', 'Profit-focused encompassing leverage', '2024-04-29 22:56:21', '2026-10-27 12:09:59'),
(550, 'elongcasterez@infoseek.co.jp', 'oharfordez', 'Multi-tiered methodical concept', '2024-09-02 00:24:00', '2025-12-23 23:40:17'),
(551, 'mnevettf0@biblegateway.com', 'nnajeraf0', 'Streamlined fresh-thinking portal', '2024-07-04 23:09:02', '2026-11-24 18:35:17'),
(552, 'knewissf1@biblegateway.com', 'eabrahamsenf1', 'Public-key disintermediate throughput', '2024-03-04 19:01:02', '2026-12-04 11:46:03'),
(553, 'ogammagef2@statcounter.com', 'cpoznanskif2', 'Streamlined optimal open architecture', '2023-12-30 12:01:14', '2026-09-01 03:42:11'),
(554, 'hfrostdickef3@sogou.com', 'wsewterf3', 'Balanced bottom-line artificial intelligence', '2024-11-22 15:19:52', '2026-11-09 21:03:52'),
(555, 'jwoolfordef4@booking.com', 'agleadlef4', 'Fundamental local policy', '2024-08-26 14:59:23', '2026-03-27 20:31:31'),
(556, 'revangelinosf5@amazonaws.com', 'awinwoodf5', 'Re-engineered next generation throughput', '2024-02-22 09:58:49', '2026-06-20 21:08:44'),
(557, 'gambergerf6@merriam-webster.com', 'groseburghf6', 'Upgradable executive task-force', '2024-07-15 07:12:18', '2026-08-31 06:32:15'),
(558, 'bbennellickf7@1und1.de', 'cyosselevitchf7', 'Progressive local algorithm', '2024-02-22 04:18:24', '2026-06-22 09:59:22'),
(559, 'cakastf8@europa.eu', 'bkilbridef8', 'Organized contextually-based secured line', '2024-08-15 04:10:05', '2026-03-19 11:29:44'),
(560, 'shagardf9@smugmug.com', 'gcottisf9', 'Robust motivating array', '2024-05-27 04:18:38', '2026-01-05 12:19:16'),
(561, 'vlacrocefa@furl.net', 'msimonettfa', 'Inverse empowering knowledge user', '2024-07-30 06:57:12', '2026-01-30 23:19:05'),
(562, 'hsinnockefb@phoca.cz', 'bthoriusfb', 'Customer-focused logistical architecture', '2024-07-11 20:17:49', '2026-11-19 15:36:17'),
(563, 'mrubensfc@ca.gov', 'vleightonfc', 'Operative tangible conglomeration', '2024-01-18 17:40:11', '2026-04-24 06:10:46'),
(564, 'satkinfd@nps.gov', 'amcgraghfd', 'Synergized intermediate adapter', '2024-11-22 23:08:05', '2026-03-14 17:49:11'),
(565, 'tblythfe@quantcast.com', 'ckilgrewfe', 'Proactive optimizing circuit', '2023-12-22 01:19:15', '2026-03-05 05:20:33'),
(566, 'jchasteneyff@purevolume.com', 'agilliganff', 'Business-focused dedicated budgetary management', '2024-01-04 06:41:11', '2026-10-28 14:28:51'),
(567, 'aselvesterfg@t.co', 'beleshenarfg', 'Re-contextualized mission-critical circuit', '2024-04-01 11:50:59', '2026-03-01 07:46:46'),
(568, 'bgeryfh@foxnews.com', 'nravenhillsfh', 'Organized asymmetric data-warehouse', '2023-12-11 08:08:19', '2026-04-21 07:15:51'),
(569, 'kdeldellofi@amazon.co.uk', 'fpickoverfi', 'Diverse multimedia Graphical User Interface', '2024-08-22 08:03:34', '2026-09-06 16:12:03'),
(570, 'nruddimanfj@nba.com', 'frosebothamfj', 'Optional global complexity', '2024-08-26 04:05:34', '2025-12-15 12:39:06'),
(571, 'agrahamefk@columbia.edu', 'ltregonnafk', 'Managed attitude-oriented throughput', '2024-10-16 21:21:45', '2026-02-17 09:08:51'),
(572, 'wavrahamovfl@zdnet.com', 'lriceardsfl', 'Proactive zero defect array', '2024-10-03 06:22:08', '2026-07-09 15:37:25'),
(573, 'btheoboldfm@comsenz.com', 'aroughtfm', 'Reduced eco-centric open system', '2024-03-04 01:08:14', '2026-07-28 00:41:54'),
(574, 'jfargefn@qq.com', 'mmorcombefn', 'Adaptive foreground capability', '2024-11-17 04:24:07', '2026-04-25 09:09:47'),
(575, 'lcolnettfo@list-manage.com', 'nrumboldfo', 'Secured system-worthy installation', '2024-06-18 22:29:16', '2026-02-19 14:42:55'),
(576, 'obreslanefp@newsvine.com', 'hskettfp', 'Total demand-driven website', '2024-09-11 16:15:51', '2026-07-11 04:17:54'),
(577, 'jilyukhovfq@mozilla.org', 'kimpyfq', 'Polarised client-driven artificial intelligence', '2024-12-03 08:22:17', '2026-09-06 19:01:56'),
(578, 'nsodafr@pen.io', 'nattyeofr', 'Networked explicit database', '2024-11-01 15:30:11', '2026-01-12 00:19:28'),
(579, 'lingletonfs@ucoz.com', 'malmakfs', 'Robust coherent leverage', '2024-12-10 20:14:48', '2026-09-12 17:28:02'),
(580, 'akurtenft@t-online.de', 'abaileyft', 'Up-sized real-time adapter', '2024-09-18 08:43:36', '2026-09-10 18:35:22'),
(581, 'apeglerfu@naver.com', 'jigounetfu', 'Reactive actuating support', '2024-10-18 02:00:01', '2026-05-20 19:34:47'),
(582, 'nalevequefv@cnn.com', 'cgilloppfv', 'Customizable context-sensitive flexibility', '2024-01-19 15:38:25', '2026-10-19 14:28:53'),
(583, 'jdemcikfw@issuu.com', 'hkarpmanfw', 'Cross-group bottom-line local area network', '2024-03-31 02:03:01', '2026-12-05 04:21:11'),
(584, 'eleijsfx@google.ru', 'bwollandfx', 'Triple-buffered systematic structure', '2024-10-04 21:05:05', '2026-07-19 14:56:46'),
(585, 'hbursnallfy@barnesandnoble.com', 'rpleasancefy', 'Distributed homogeneous toolset', '2024-02-09 07:57:55', '2026-02-22 14:24:46'),
(586, 'kshambrookfz@i2i.jp', 'ljaquetfz', 'Team-oriented optimal info-mediaries', '2024-04-09 19:47:24', '2026-05-10 14:34:23'),
(587, 'fmccombg0@prlog.org', 'bgriptong0', 'Organized intangible leverage', '2024-07-11 11:45:22', '2026-09-14 20:49:00'),
(588, 'nizzatg1@github.io', 'fhaygreeng1', 'Operative static architecture', '2024-02-23 01:28:34', '2025-12-13 21:09:12'),
(589, 'erosenscheing2@latimes.com', 'pjimenog2', 'Triple-buffered explicit challenge', '2024-12-07 20:05:19', '2026-04-20 04:18:56'),
(590, 'rmorrishg3@huffingtonpost.com', 'rmactrusteyg3', 'User-centric stable approach', '2024-08-20 13:11:32', '2026-04-23 09:25:29'),
(591, 'kattacg4@dion.ne.jp', 'nskuneg4', 'Assimilated object-oriented hub', '2024-02-20 20:52:10', '2026-07-02 19:53:42'),
(592, 'bicetong5@angelfire.com', 'sguessg5', 'Monitored interactive matrices', '2024-03-10 00:10:39', '2026-06-07 09:37:35'),
(593, 'ashoreyg6@youtube.com', 'jfidalg6', 'Extended next generation local area network', '2023-12-30 20:21:56', '2026-06-28 11:08:15'),
(594, 'mmilleyg7@bbc.co.uk', 'jdeeslyg7', 'Switchable value-added challenge', '2024-08-27 07:37:52', '2026-09-05 18:01:39'),
(595, 'stroctorg8@bbc.co.uk', 'hbenoyg8', 'Up-sized non-volatile focus group', '2024-03-09 22:46:18', '2026-07-16 07:29:39'),
(596, 'hemmotg9@github.io', 'mcossong9', 'Realigned optimal solution', '2024-04-18 02:43:39', '2026-02-03 01:38:12'),
(597, 'wtyrwhittga@amazon.de', 'mbeastallga', 'Customizable exuding moratorium', '2024-11-26 16:05:57', '2026-02-14 10:24:16'),
(598, 'ichanggb@dmoz.org', 'mlesleygb', 'Universal bandwidth-monitored implementation', '2024-10-05 16:28:50', '2025-12-16 04:14:39'),
(599, 'tmacgilmartingc@hostgator.com', 'tbloomfieldgc', 'Enterprise-wide background synergy', '2024-07-15 17:39:16', '2026-02-10 13:07:39'),
(600, 'bvondruskagd@cbslocal.com', 'bditzelgd', 'Mandatory object-oriented focus group', '2024-09-25 13:46:15', '2026-02-13 07:40:13'),
(601, 'iarklege@bloomberg.com', 'cblundellge', 'Seamless hybrid open architecture', '2024-11-26 01:54:36', '2026-06-27 07:39:12'),
(602, 'bcarnelleygf@jigsy.com', 'vswaingergf', 'Reactive solution-oriented strategy', '2024-06-15 05:40:15', '2026-01-19 03:45:01'),
(603, 'emcauslenegg@4shared.com', 'gkitmangg', 'Function-based real-time monitoring', '2024-10-16 16:21:44', '2026-11-22 01:07:16'),
(604, 'hohrtmanngh@sitemeter.com', 'vcomminsgh', 'Optimized methodical internet solution', '2024-03-05 19:38:43', '2026-04-13 13:38:17'),
(605, 'aofeeneygi@hexun.com', 'kclissoldgi', 'Versatile homogeneous focus group', '2024-11-18 03:37:51', '2026-07-24 13:43:58'),
(606, 'hwetherellgj@kickstarter.com', 'kambrosoligj', 'Synergized asynchronous intranet', '2024-04-18 20:18:44', '2026-06-11 16:42:26'),
(607, 'ccasselsgk@wikia.com', 'bphonixgk', 'Focused fault-tolerant standardization', '2024-02-07 08:21:17', '2026-06-02 11:05:35'),
(608, 'nmaywoodgl@moonfruit.com', 'gmarchamgl', 'Progressive regional website', '2024-01-03 17:40:17', '2026-07-08 12:33:17'),
(609, 'wbrannongm@reference.com', 'oyegorkingm', 'Compatible tertiary projection', '2024-10-11 12:58:15', '2026-10-09 05:09:47'),
(610, 'lhendrikgn@dell.com', 'vmacekgn', 'De-engineered object-oriented protocol', '2024-04-22 02:22:35', '2026-08-15 09:40:53'),
(611, 'kleveygo@cnn.com', 'pwodhamgo', 'Intuitive well-modulated attitude', '2024-01-26 14:25:12', '2026-02-23 22:00:53'),
(612, 'hhallattgp@digg.com', 'bboyangp', 'Assimilated composite knowledge base', '2024-06-17 00:42:08', '2026-02-04 07:07:48'),
(613, 'bivanishevgq@howstuffworks.com', 'lgotergq', 'Extended radical product', '2024-04-21 17:27:14', '2026-02-07 12:45:17'),
(614, 'dpashbagr@oakley.com', 'tderlgr', 'Progressive mission-critical pricing structure', '2024-05-25 07:35:01', '2026-01-18 00:54:31'),
(615, 'ktumilsongs@businessweek.com', 'jtingcombgs', 'Fully-configurable incremental algorithm', '2024-10-07 14:43:21', '2026-08-05 21:02:59'),
(616, 'jdarcygt@qq.com', 'dblaguegt', 'Exclusive 3rd generation Graphical User Interface', '2024-09-09 00:37:01', '2026-02-10 08:54:45'),
(617, 'dhyndesgu@sogou.com', 'rlawlingsgu', 'Re-engineered system-worthy architecture', '2024-10-09 13:27:52', '2026-11-08 17:59:51'),
(618, 'rzelnergv@youtube.com', 'tsaffillgv', 'Decentralized upward-trending focus group', '2024-11-22 02:28:21', '2026-09-08 19:11:15'),
(619, 'sbauldreygw@earthlink.net', 'bcoalesgw', 'Triple-buffered heuristic infrastructure', '2024-08-23 10:49:31', '2026-06-10 05:13:38'),
(620, 'gaistropgx@google.es', 'msetterthwaitgx', 'Seamless intermediate analyzer', '2024-08-30 09:10:24', '2026-09-13 06:45:15'),
(621, 'lmaungy@europa.eu', 'wsarregy', 'Function-based holistic hardware', '2024-05-14 12:58:43', '2026-03-12 10:33:39'),
(622, 'rkermitgz@jimdo.com', 'jbuttelgz', 'Synergized holistic access', '2024-10-03 14:28:33', '2026-10-24 11:47:19'),
(623, 'abillitterih0@storify.com', 'polennaneh0', 'Implemented composite encoding', '2024-02-12 20:26:26', '2026-11-03 06:12:49'),
(624, 'adiiorioh1@wunderground.com', 'ltinkhamh1', 'Pre-emptive neutral system engine', '2024-06-10 11:39:49', '2026-07-03 13:01:03'),
(625, 'rwainerh2@issuu.com', 'jpinderh2', 'Down-sized interactive access', '2024-05-20 12:47:49', '2026-09-27 14:55:50'),
(626, 'jbeachamph3@discuz.net', 'nbacksh3', 'Reactive solution-oriented artificial intelligence', '2024-11-11 12:50:55', '2026-01-11 06:59:13'),
(627, 'imoulandh4@theatlantic.com', 'equilliganh4', 'Assimilated static contingency', '2024-11-30 11:51:55', '2026-02-22 17:00:18'),
(628, 'gtitcumbh5@uiuc.edu', 'mnorleyh5', 'Assimilated user-facing concept', '2024-09-27 21:13:17', '2026-05-04 15:16:22'),
(629, 'mtraseh6@squidoo.com', 'sphillcoxh6', 'Optimized encompassing protocol', '2024-02-15 19:53:51', '2026-02-20 22:54:53'),
(630, 'vbearneh7@craigslist.org', 'mcullefordh7', 'Re-contextualized even-keeled methodology', '2024-01-05 12:22:25', '2026-03-04 10:05:32'),
(631, 'rlighternessh8@posterous.com', 'mgunnh8', 'Ameliorated full-range time-frame', '2024-08-03 11:19:00', '2026-09-26 23:15:18'),
(632, 'ecubbinh9@pagesperso-orange.fr', 'zturlh9', 'Virtual human-resource implementation', '2024-04-12 16:52:04', '2026-08-20 12:35:27'),
(633, 'gofallowneha@a8.net', 'jcheversha', 'Proactive incremental circuit', '2024-09-09 15:09:56', '2025-12-31 11:32:44'),
(634, 'gwinsomhb@cnn.com', 'areviehb', 'Organic modular workforce', '2024-11-10 06:54:41', '2026-09-04 03:20:03'),
(635, 'kbeazehc@vimeo.com', 'pivanetshc', 'Networked client-server time-frame', '2024-07-24 03:14:21', '2026-11-07 15:04:37'),
(636, 'rlipprosehd@wiley.com', 'adafthd', 'Fully-configurable value-added hub', '2024-03-17 11:31:39', '2026-02-16 16:05:23'),
(637, 'glucyhe@ucoz.ru', 'gcullinhe', 'Right-sized zero defect internet solution', '2024-10-05 06:38:10', '2026-01-31 22:39:12'),
(638, 'bwollardhf@xinhuanet.com', 'jattriehf', 'User-centric even-keeled challenge', '2024-04-29 10:39:35', '2026-12-01 23:10:47'),
(639, 'kshitliffhg@dagondesign.com', 'amoyeshg', 'Optional stable groupware', '2024-09-07 23:16:45', '2026-08-26 08:18:53'),
(640, 'ghoyshh@sitemeter.com', 'fjuberthh', 'Monitored non-volatile workforce', '2024-05-15 10:38:54', '2026-04-11 16:27:30'),
(641, 'mrockinghamhi@answers.com', 'jscahillhi', 'Object-based executive middleware', '2024-04-11 15:52:16', '2026-09-03 12:09:37'),
(642, 'gsendallhj@mlb.com', 'ssirmondhj', 'Focused zero tolerance service-desk', '2024-01-30 06:57:22', '2026-09-10 17:16:44'),
(643, 'hmcquiehk@economist.com', 'pmolesworthhk', 'Devolved multi-state product', '2024-10-04 10:31:45', '2026-05-03 14:20:43'),
(644, 'droydshl@a8.net', 'kperonehl', 'Networked context-sensitive policy', '2024-10-02 05:22:44', '2026-05-17 00:51:58'),
(645, 'lfarryannhm@fda.gov', 'agherardescihm', 'Integrated value-added utilisation', '2024-01-27 22:21:16', '2026-11-14 05:56:39'),
(646, 'measbiehn@alibaba.com', 'wcheakehn', 'Multi-tiered heuristic interface', '2023-12-11 22:02:11', '2026-04-20 17:43:10'),
(647, 'awinserho@ameblo.jp', 'fgladdorho', 'Multi-channelled modular functionalities', '2024-02-16 17:17:24', '2026-11-08 13:57:39'),
(648, 'rpfaffhp@stanford.edu', 'fgascarhp', 'Synchronised intermediate adapter', '2024-09-17 03:47:49', '2026-11-15 02:59:43'),
(649, 'pgwyerhq@blinklist.com', 'rsamwysehq', 'Public-key uniform forecast', '2024-09-28 16:15:52', '2026-11-03 03:33:26'),
(650, 'nstaveleyhr@wix.com', 'bwiersmahr', 'Streamlined clear-thinking moratorium', '2024-02-13 06:19:08', '2025-12-30 07:36:33'),
(651, 'ssmeuinhs@princeton.edu', 'nrudhamhs', 'Optional asynchronous pricing structure', '2024-03-16 18:13:15', '2026-11-11 21:38:05'),
(652, 'gmcarthurht@chronoengine.com', 'tstubbesht', 'Virtual bifurcated alliance', '2024-11-01 21:19:56', '2026-11-25 02:03:47'),
(653, 'cbramwichhu@trellian.com', 'csandbachhu', 'Persistent heuristic capacity', '2024-01-19 01:24:03', '2026-01-31 19:19:53'),
(654, 'ttregalehv@nyu.edu', 'hdaidhv', 'User-friendly holistic capacity', '2024-10-13 23:30:46', '2026-10-25 18:38:02'),
(655, 'ssmythhw@guardian.co.uk', 'avickorshw', 'Multi-lateral foreground workforce', '2024-11-11 06:30:23', '2026-02-18 06:18:47'),
(656, 'cryriehx@businesswire.com', 'epaolozzihx', 'Face to face user-facing task-force', '2024-04-11 21:25:33', '2026-07-31 12:11:47'),
(657, 'rgreswellhy@flavors.me', 'rdominechy', 'Proactive clear-thinking frame', '2024-03-30 11:37:49', '2026-04-29 17:42:58'),
(658, 'eheeronhz@g.co', 'lstammlerhz', 'Profit-focused even-keeled workforce', '2024-07-06 07:35:25', '2026-11-18 16:04:00'),
(659, 'fiddonsi0@toplist.cz', 'tdimitrioui0', 'Fundamental system-worthy matrices', '2023-12-26 06:09:10', '2026-03-17 15:08:59'),
(660, 'bcoulti1@uiuc.edu', 'csommersi1', 'Focused dedicated contingency', '2024-08-14 02:27:58', '2026-02-13 00:47:39'),
(661, 'mfallowi2@hexun.com', 'bnisbeti2', 'Up-sized bandwidth-monitored focus group', '2024-07-12 09:59:00', '2026-05-24 01:18:57'),
(662, 'sdoroti3@github.io', 'ebatrami3', 'Proactive didactic knowledge user', '2024-07-08 05:35:03', '2026-01-29 11:09:01'),
(663, 'kpuddani4@techcrunch.com', 'rlisteri4', 'Streamlined tertiary flexibility', '2024-07-04 01:34:15', '2026-12-06 13:37:44'),
(664, 'fmordeni5@yellowpages.com', 'ggrocutti5', 'Switchable intangible conglomeration', '2024-07-20 19:43:46', '2026-01-22 08:11:58'),
(665, 'gmacairti6@hp.com', 'nrubinowitchi6', 'Function-based human-resource hardware', '2024-10-27 05:13:08', '2026-11-21 20:55:13'),
(666, 'wparmeteri7@about.com', 'dsapwelli7', 'Team-oriented human-resource moderator', '2024-08-19 19:06:16', '2026-09-02 05:20:53'),
(667, 'akewleyi8@dagondesign.com', 'dcorradeschii8', 'Triple-buffered disintermediate pricing structure', '2024-01-12 10:59:58', '2026-03-29 22:47:43'),
(668, 'efollisi9@reference.com', 'wdunsfordi9', 'Enterprise-wide 24/7 migration', '2024-08-20 02:33:00', '2026-11-25 19:42:04'),
(669, 'cskylettia@sciencedirect.com', 'vklemmtia', 'Reduced zero defect application', '2023-12-29 05:59:41', '2026-10-29 12:00:22'),
(670, 'astitcherib@dagondesign.com', 'adellaib', 'Fully-configurable fault-tolerant customer loyalty', '2024-01-10 07:45:28', '2026-01-02 09:10:37'),
(671, 'aalowayic@archive.org', 'dlidgeyic', 'Extended exuding approach', '2024-01-14 21:35:33', '2026-09-06 19:07:10'),
(672, 'sreavellid@mozilla.org', 'cburleighid', 'Public-key actuating challenge', '2024-03-18 15:20:31', '2026-08-24 20:02:11'),
(673, 'lklulicekie@addtoany.com', 'gkettridgeie', 'Re-engineered encompassing artificial intelligence', '2024-02-24 19:23:15', '2026-06-02 08:32:25'),
(674, 'pcastellsif@eepurl.com', 'dfoulksif', 'Upgradable 3rd generation success', '2024-08-07 06:58:44', '2026-06-12 19:50:50'),
(675, 'pdimmockig@jugem.jp', 'cbaldiig', 'Grass-roots bottom-line attitude', '2024-09-29 07:44:43', '2026-08-07 11:13:19'),
(676, 'gfeldheimih@csmonitor.com', 'ebonifaceih', 'Multi-layered optimal utilisation', '2024-03-29 20:40:40', '2026-02-08 06:00:35'),
(677, 'wdrableii@nsw.gov.au', 'ktichnerii', 'Reverse-engineered bandwidth-monitored database', '2024-08-31 03:39:44', '2026-06-18 14:11:44'),
(678, 'amcelreaij@economist.com', 'negarrij', 'Synergistic system-worthy instruction set', '2024-04-27 17:29:07', '2026-04-06 06:14:27'),
(679, 'nlyptradeik@scribd.com', 'ezanniniik', 'Reactive heuristic software', '2024-07-10 01:21:39', '2026-05-28 04:25:07'),
(680, 'ijulianoil@imgur.com', 'gruddomil', 'Synchronised local encryption', '2024-09-06 22:11:49', '2026-09-17 19:28:50'),
(681, 'aezzyim@apple.com', 'lkamienim', 'Multi-channelled directional encoding', '2024-05-30 13:30:49', '2026-08-05 18:52:23'),
(682, 'rsangein@washingtonpost.com', 'rbeadnallin', 'Front-line methodical superstructure', '2023-12-29 04:41:00', '2026-11-12 03:12:48'),
(683, 'bhabertio@gravatar.com', 'rstaningio', 'Balanced bifurcated circuit', '2024-03-20 03:29:39', '2026-06-08 10:39:27'),
(684, 'kburwinip@t-online.de', 'tfrielip', 'Self-enabling foreground solution', '2024-06-10 11:33:13', '2026-05-29 17:49:41'),
(685, 'vorteauiq@soup.io', 'mstedmaniq', 'Phased client-server protocol', '2024-02-13 02:27:29', '2026-04-07 11:29:24'),
(686, 'bgandersir@facebook.com', 'kkobielair', 'Organized system-worthy paradigm', '2024-10-27 18:31:38', '2026-08-11 23:08:39'),
(687, 'bmcquakeris@goo.gl', 'chinschis', 'Profit-focused actuating forecast', '2024-06-08 16:12:23', '2026-05-07 17:28:00'),
(688, 'hdwaneit@mac.com', 'cwapplesit', 'Pre-emptive hybrid framework', '2024-11-14 23:48:44', '2026-11-15 20:20:18'),
(689, 'bcaneiu@sciencedaily.com', 'cmacgilliu', 'Cross-group stable neural-net', '2023-12-20 02:52:20', '2026-09-13 19:09:22'),
(690, 'sgummeriv@infoseek.co.jp', 'ldemullettiv', 'Sharable explicit time-frame', '2024-12-08 01:11:35', '2026-06-08 05:45:23'),
(691, 'emcphillimeyiw@fema.gov', 'tbenseniw', 'Fundamental motivating complexity', '2024-03-03 11:22:23', '2026-02-16 01:09:32'),
(692, 'ctopix@state.gov', 'aorteuix', 'Profit-focused discrete instruction set', '2024-01-14 09:33:25', '2026-08-29 13:16:43'),
(693, 'cprysiy@friendfeed.com', 'ataylotiy', 'Persevering incremental application', '2024-03-04 03:38:35', '2026-01-31 15:17:48'),
(694, 'gtemprelliz@tinyurl.com', 'edarnbroughiz', 'Vision-oriented asynchronous standardization', '2024-02-21 12:36:15', '2026-08-22 21:40:56'),
(695, 'smcmylerj0@macromedia.com', 'bblatherwickj0', 'Fully-configurable dynamic capacity', '2024-09-26 04:15:57', '2026-05-19 12:42:48'),
(696, 'adampierj1@ezinearticles.com', 'fchapplej1', 'Ergonomic methodical project', '2024-01-07 11:21:21', '2026-06-22 00:46:54'),
(697, 'bwithamj2@ezinearticles.com', 'hstandallj2', 'Stand-alone bifurcated definition', '2024-06-07 13:40:03', '2026-04-25 00:08:13'),
(698, 'ntomlinj3@prlog.org', 'arheltonj3', 'Future-proofed static function', '2024-06-05 12:17:11', '2026-09-10 19:41:47'),
(699, 'ameharryj4@thetimes.co.uk', 'gputtnamj4', 'Centralized static secured line', '2024-08-16 21:00:39', '2026-05-05 21:25:48'),
(700, 'jgirkinj5@ehow.com', 'mdickenj5', 'Configurable impactful structure', '2024-09-25 10:14:49', '2026-08-06 12:15:31'),
(701, 'cmuggj6@arizona.edu', 'sfareweatherj6', 'Mandatory disintermediate pricing structure', '2024-07-17 16:48:43', '2026-09-30 07:29:32'),
(702, 'phalladeyj7@vimeo.com', 'ewanlessj7', 'Up-sized heuristic algorithm', '2024-04-23 03:15:06', '2026-01-20 13:21:53'),
(703, 'bbartakj8@vkontakte.ru', 'ceadonj8', 'Object-based multi-tasking attitude', '2024-09-25 01:49:06', '2026-08-11 22:10:27'),
(704, 'eackwoodj9@spiegel.de', 'jwhytej9', 'Virtual 24/7 core', '2024-05-19 11:00:28', '2026-02-15 10:00:42'),
(705, 'mlaweeja@alibaba.com', 'mseedsja', 'Business-focused global capability', '2024-08-08 08:31:07', '2026-07-10 20:23:42'),
(706, 'nlegatejb@diigo.com', 'scourtesjb', 'Virtual eco-centric website', '2024-02-08 04:32:30', '2026-11-05 20:39:28'),
(707, 'kelloitjc@chronoengine.com', 'jcomberbachjc', 'Open-architected system-worthy moratorium', '2023-12-11 22:28:22', '2026-08-26 06:11:03'),
(708, 'srenonjd@princeton.edu', 'pspeakjd', 'Self-enabling multimedia knowledge base', '2024-10-21 17:03:48', '2026-07-11 23:05:41'),
(709, 'bbeachamje@usgs.gov', 'klawryje', 'Up-sized foreground application', '2024-06-27 10:41:57', '2026-10-27 11:07:13'),
(710, 'echarlotjf@de.vu', 'sollarenshawjf', 'Customizable 6th generation knowledge user', '2024-08-22 03:16:26', '2026-01-12 17:36:09'),
(711, 'cbondejg@xinhuanet.com', 'jmilthorpejg', 'Synchronised uniform extranet', '2024-07-01 11:49:39', '2026-03-25 12:23:44'),
(712, 'ahumburtonjh@va.gov', 'sdaintreyjh', 'Configurable object-oriented local area network', '2024-06-06 22:07:03', '2026-05-01 04:14:04'),
(713, 'vmelarkeyji@sohu.com', 'rgleedji', 'Down-sized demand-driven policy', '2024-07-22 08:19:28', '2025-12-14 06:53:24'),
(714, 'mcreekjj@jimdo.com', 'fscocroftjj', 'Front-line multimedia focus group', '2024-10-20 15:08:28', '2026-11-22 10:29:10'),
(715, 'bhrycekjk@merriam-webster.com', 'rflorijk', 'Triple-buffered multimedia toolset', '2024-09-06 08:31:55', '2026-07-07 21:37:20'),
(716, 'ncoltartjl@shop-pro.jp', 'mdoldenjl', 'Advanced empowering orchestration', '2024-08-21 02:40:03', '2026-08-10 17:24:08'),
(717, 'dohartaganjm@pen.io', 'pbousfieldjm', 'Networked client-driven pricing structure', '2024-05-06 09:52:11', '2026-06-29 14:40:59'),
(718, 'lsollamjn@sitemeter.com', 'lbetunjn', 'Multi-lateral context-sensitive orchestration', '2024-11-18 00:11:34', '2026-03-23 12:34:17'),
(719, 'btogherjo@ucsd.edu', 'bswettjo', 'Grass-roots well-modulated synergy', '2024-06-28 17:15:45', '2026-06-10 01:01:20'),
(720, 'cmaccrachenjp@google.co.uk', 'sbosherejp', 'Integrated fault-tolerant parallelism', '2024-01-22 23:44:42', '2026-04-03 17:08:22'),
(721, 'ldurnjq@un.org', 'cmacalesterjq', 'Innovative logistical firmware', '2024-02-03 15:15:54', '2026-02-23 02:11:32'),
(722, 'jjennyjr@cnn.com', 'smeredithjr', 'Expanded motivating functionalities', '2024-02-27 05:42:28', '2026-08-02 23:10:59'),
(723, 'eravenscraftjs@bigcartel.com', 'pwheelbandjs', 'Compatible zero defect help-desk', '2024-10-28 10:18:58', '2026-07-18 20:35:56'),
(724, 'cmuffjt@weibo.com', 'dvreedejt', 'Sharable uniform access', '2024-02-05 00:23:54', '2026-06-21 21:28:43'),
(725, 'gcorkeju@nih.gov', 'ssmallwoodju', 'Enhanced intangible focus group', '2024-07-30 18:31:49', '2025-12-28 05:35:08'),
(726, 'aglasmanjv@wikispaces.com', 'ddixonjv', 'Networked zero tolerance benchmark', '2024-08-27 01:42:33', '2026-09-24 09:40:14'),
(727, 'aofferjw@google.com.hk', 'ehaselwoodjw', 'Extended dedicated secured line', '2024-01-05 23:03:35', '2025-12-14 00:19:34'),
(728, 'sdufairejx@unblog.fr', 'jecclesharejx', 'Optimized motivating monitoring', '2024-04-17 10:45:23', '2026-07-13 16:40:32'),
(729, 'jmaypesjy@newyorker.com', 'lclendennenjy', 'Exclusive neutral moratorium', '2024-08-24 14:08:17', '2026-04-26 09:54:20'),
(730, 'dstaffjz@buzzfeed.com', 'sbentjz', 'Universal asymmetric extranet', '2024-07-16 17:06:36', '2026-10-20 08:47:57'),
(731, 'rgoulbournek0@surveymonkey.com', 'ngliddonk0', 'Future-proofed background initiative', '2024-01-20 02:17:03', '2026-10-14 22:28:49'),
(732, 'kbelhamk1@imageshack.us', 'mdevink1', 'Automated disintermediate complexity', '2024-03-31 08:38:49', '2025-12-17 02:22:49'),
(733, 'slerouxk2@toplist.cz', 'gbeldumk2', 'Organized optimizing conglomeration', '2024-05-18 07:58:59', '2026-03-04 21:33:35'),
(734, 'hspringk3@ucoz.ru', 'fmccomiskeyk3', 'De-engineered client-server attitude', '2023-12-27 07:10:01', '2026-01-18 12:16:40'),
(735, 'trotherforthk4@telegraph.co.uk', 'mpantlink4', 'Fully-configurable bottom-line hierarchy', '2024-03-31 19:21:22', '2026-04-25 07:37:20'),
(736, 'awhimpennyk5@apache.org', 'aglascottk5', 'Optimized contextually-based hub', '2024-01-20 23:21:55', '2026-02-22 06:04:04'),
(737, 'gselwink6@bravesites.com', 'lhodgenk6', 'Organized 3rd generation toolset', '2024-03-11 09:52:22', '2026-11-28 01:05:12'),
(738, 'cpalombik7@prlog.org', 'sodornank7', 'Face to face transitional open architecture', '2024-10-18 23:24:44', '2026-11-08 02:41:19'),
(739, 'ebarrouxk8@newyorker.com', 'psaccok8', 'Front-line full-range access', '2024-04-02 06:24:00', '2026-05-07 22:09:19'),
(740, 'rhuckelk9@bravesites.com', 'jcostellk9', 'Versatile high-level synergy', '2024-03-09 15:41:45', '2026-07-18 09:36:21'),
(741, 'ddarwoodka@reverbnation.com', 'cfradgleyka', 'Reverse-engineered asymmetric attitude', '2024-02-18 00:37:09', '2026-04-27 16:50:42'),
(742, 'lvolkeskb@mysql.com', 'wughettikb', 'Focused client-server concept', '2024-11-01 15:31:41', '2026-09-18 01:53:36'),
(743, 'rstonestreetkc@google.com.br', 'jlidsterkc', 'Expanded scalable strategy', '2024-07-16 19:19:57', '2026-05-10 10:27:14'),
(744, 'khammelkd@drupal.org', 'mtixallkd', 'Business-focused solution-oriented capacity', '2024-11-22 15:39:37', '2026-08-07 09:09:43'),
(745, 'jdavidsenke@ifeng.com', 'emckinlesske', 'Triple-buffered empowering functionalities', '2024-10-06 16:11:43', '2026-03-30 08:22:33'),
(746, 'rheijnenkf@com.com', 'jsheppeykf', 'Up-sized uniform info-mediaries', '2024-02-21 11:36:02', '2026-01-22 16:47:46'),
(747, 'hfaierskg@howstuffworks.com', 'pvernykg', 'Self-enabling background utilisation', '2024-11-18 00:45:31', '2026-06-25 22:53:00'),
(748, 'pmcnaughtonkh@walmart.com', 'rrobloukh', 'Optional 24 hour alliance', '2023-12-31 08:54:07', '2026-12-02 10:41:16'),
(749, 'bodesonki@godaddy.com', 'hniesski', 'Robust bottom-line product', '2024-03-01 14:22:18', '2026-04-19 05:30:18'),
(750, 'hstuckeykj@sfgate.com', 'ywhordleykj', 'Monitored intangible frame', '2024-02-25 05:42:07', '2026-08-04 02:37:10'),
(751, 'spetricekkk@goo.ne.jp', 'dselbykk', 'Optimized next generation function', '2024-08-04 06:12:23', '2026-03-29 04:01:41'),
(752, 'cfroomkl@edublogs.org', 'bknowlmankl', 'Balanced discrete encryption', '2024-09-05 09:08:51', '2025-12-12 15:47:49'),
(753, 'amaccambridgekm@columbia.edu', 'mthoriuskm', 'Profit-focused asymmetric system engine', '2024-04-23 10:44:46', '2026-02-28 23:33:29'),
(754, 'cschoaleskn@google.de', 'sbrendkn', 'Exclusive maximized budgetary management', '2024-03-04 11:49:19', '2026-02-17 20:42:12'),
(755, 'hmoloneyko@fotki.com', 'lpuzeyko', 'Organized fresh-thinking model', '2024-09-16 16:42:58', '2026-09-14 07:24:39'),
(756, 'cfittiskp@java.com', 'ooakskp', 'Exclusive explicit budgetary management', '2024-08-12 19:04:40', '2026-05-03 23:27:36'),
(757, 'eakidkq@cyberchimps.com', 'cjurrieskq', 'Quality-focused global capacity', '2024-10-25 05:27:41', '2026-12-05 15:33:04'),
(758, 'kerlamkr@psu.edu', 'dbyforthkr', 'Re-engineered analyzing workforce', '2024-04-12 09:26:00', '2026-08-03 05:08:56'),
(759, 'ematulaks@bandcamp.com', 'gstreteks', 'Multi-lateral local service-desk', '2024-02-02 13:02:39', '2026-02-04 08:09:13'),
(760, 'wlissandrinikt@tinyurl.com', 'kfindonkt', 'Team-oriented 6th generation implementation', '2024-04-06 00:51:12', '2026-04-04 05:38:23'),
(761, 'jsemorku@friendfeed.com', 'blowinku', 'Total attitude-oriented Graphic Interface', '2024-07-25 01:59:26', '2026-03-22 23:46:19'),
(762, 'tneillkv@dropbox.com', 'cmcilennakv', 'Quality-focused impactful success', '2024-09-15 00:16:35', '2026-09-25 01:35:51'),
(763, 'psteedkw@sourceforge.net', 'iteekw', 'Cross-platform optimizing forecast', '2024-04-04 11:18:49', '2026-01-23 00:49:20'),
(764, 'scalverkx@dropbox.com', 'blamdenkx', 'Multi-layered dedicated hub', '2024-07-24 16:23:00', '2026-10-20 10:32:29'),
(765, 'mdrezzerky@ft.com', 'lfrearsonky', 'Automated systemic capability', '2024-01-26 10:35:26', '2026-05-30 04:31:47'),
(766, 'dcallearkz@icq.com', 'trosbothamkz', 'Diverse impactful concept', '2024-05-04 04:15:31', '2026-04-23 23:48:03'),
(767, 'aandreel0@storify.com', 'mmcneal0', 'Operative bifurcated alliance', '2024-06-29 00:43:51', '2026-03-05 05:21:03'),
(768, 'cvasyutinl1@army.mil', 'sdanigell1', 'Robust human-resource emulation', '2024-06-01 21:13:08', '2026-07-03 23:53:33'),
(769, 'bbodegal2@ask.com', 'bsomerledl2', 'Centralized didactic system engine', '2024-03-20 10:51:52', '2026-06-29 13:13:38'),
(770, 'ayettonl3@sina.com.cn', 'efritschell3', 'Balanced actuating artificial intelligence', '2024-05-24 15:22:56', '2026-11-17 04:06:30'),
(771, 'dsmidmorel4@mlb.com', 'astephensonl4', 'Multi-tiered uniform extranet', '2024-08-19 21:36:02', '2025-12-25 14:27:23'),
(772, 'crushmarel5@hhs.gov', 'krenishl5', 'Monitored global circuit', '2024-10-29 03:22:37', '2026-07-16 09:14:42'),
(773, 'tumplebyl6@mit.edu', 'agiaomozzol6', 'Enterprise-wide mission-critical protocol', '2024-03-26 13:27:38', '2026-01-26 00:04:19'),
(774, 'rescaleral7@census.gov', 'cgergusl7', 'Virtual needs-based emulation', '2024-03-26 05:02:30', '2026-04-30 16:23:18'),
(775, 'nduffetl8@google.ca', 'htongel8', 'Assimilated 3rd generation focus group', '2024-02-02 09:18:08', '2026-06-04 20:27:45');
INSERT INTO `kayttajat` (`kayttaja_tunnus`, `sahkoposti`, `kayttajanimi`, `kuvaus`, `rekisterointipaivamaara`, `viimeisen_kaynti`) VALUES
(776, 'nlobbel9@w3.org', 'fmatteaccil9', 'Down-sized 6th generation throughput', '2024-02-02 09:12:29', '2026-09-20 00:37:00'),
(777, 'fdemageardla@tiny.cc', 'dshearmurla', 'Balanced asymmetric hierarchy', '2024-04-04 19:56:55', '2025-12-19 05:15:37'),
(778, 'eshipseylb@furl.net', 'emccardlb', 'Synergized foreground moderator', '2024-05-07 16:04:28', '2026-04-13 11:12:18'),
(779, 'ctunniclifflc@canalblog.com', 'gkybirdlc', 'Self-enabling client-driven core', '2024-04-04 11:43:42', '2026-07-13 17:04:03'),
(780, 'bfolomkinld@discuz.net', 'mchismonld', 'Ameliorated global projection', '2024-05-17 21:07:53', '2026-10-22 06:20:22'),
(781, 'vleghle@google.com', 'tharteganle', 'Operative needs-based approach', '2024-08-29 11:58:02', '2026-05-01 18:05:29'),
(782, 'cjothamlf@ocn.ne.jp', 'alittlerlf', 'Phased solution-oriented data-warehouse', '2024-08-08 13:54:22', '2026-06-18 05:49:35'),
(783, 'weadylg@miitbeian.gov.cn', 'afogellg', 'Multi-tiered eco-centric hub', '2024-11-30 07:15:57', '2026-02-01 10:38:30'),
(784, 'tclaussonlh@earthlink.net', 'jrossbrookelh', 'Operative tangible internet solution', '2024-02-02 02:05:18', '2026-10-21 00:06:00'),
(785, 'rcumberli@tumblr.com', 'ghoultli', 'Vision-oriented static monitoring', '2024-05-14 20:05:35', '2026-06-02 16:56:57'),
(786, 'bjaherlj@cocolog-nifty.com', 'troskelllj', 'Universal system-worthy service-desk', '2024-10-25 03:39:18', '2026-03-18 03:29:24'),
(787, 'nparlourlk@lycos.com', 'rcongrevelk', 'Open-source empowering capability', '2024-04-05 15:11:23', '2026-07-15 19:59:30'),
(788, 'lwehdenll@instagram.com', 'kdykesll', 'Synergized client-driven hardware', '2024-06-26 19:53:49', '2026-04-11 07:22:16'),
(789, 'mmindenhalllm@furl.net', 'ksoutheylm', 'Synchronised logistical project', '2024-09-04 06:54:03', '2026-12-03 11:41:33'),
(790, 'kcaslettln@senate.gov', 'tscynerln', 'Open-architected asynchronous functionalities', '2024-02-05 15:36:17', '2026-05-26 01:05:28'),
(791, 'ciddendenlo@smugmug.com', 'anicollslo', 'Cross-platform human-resource flexibility', '2024-09-14 10:08:53', '2026-10-28 18:54:09'),
(792, 'hallnerlp@aboutads.info', 'mmacaklp', 'Configurable responsive conglomeration', '2024-02-29 07:50:13', '2026-09-07 09:56:59'),
(793, 'mvankinlq@github.com', 'eerielq', 'Visionary grid-enabled complexity', '2024-04-23 20:19:07', '2026-08-05 18:39:43'),
(794, 'swaterstonelr@miitbeian.gov.cn', 'dkharchinskilr', 'Digitized optimal application', '2024-06-29 10:14:07', '2026-10-31 09:48:51'),
(795, 'lblouetls@feedburner.com', 'jgauchels', 'Ergonomic secondary methodology', '2024-02-03 21:41:29', '2026-07-25 12:52:36'),
(796, 'ddumbarlt@washingtonpost.com', 'thurchelt', 'Innovative bandwidth-monitored solution', '2024-04-20 07:04:12', '2026-09-16 03:20:27'),
(797, 'kmousdalllu@goodreads.com', 'lmountainlu', 'Implemented even-keeled Graphical User Interface', '2023-12-21 18:53:14', '2026-03-01 11:44:40'),
(798, 'vskeermerlv@purevolume.com', 'sbedburrowlv', 'Triple-buffered interactive neural-net', '2024-06-15 19:51:44', '2026-03-31 12:20:46'),
(799, 'sdelahuntlw@usda.gov', 'sconnealylw', 'Ergonomic next generation model', '2024-11-17 18:05:15', '2026-11-25 03:56:04'),
(800, 'scousanslx@g.co', 'fcullimorelx', 'Sharable bifurcated focus group', '2024-09-11 00:56:36', '2026-08-16 16:46:46'),
(801, 'ccordellely@unblog.fr', 'ksenyardly', 'Operative motivating encoding', '2024-02-18 13:16:56', '2026-09-06 15:32:34'),
(802, 'rrickwordlz@mediafire.com', 'kedlestonelz', 'Persevering logistical data-warehouse', '2024-11-12 00:50:27', '2026-04-04 02:27:46'),
(803, 'lfinkm0@va.gov', 'zclealm0', 'Advanced next generation model', '2024-01-24 11:20:21', '2026-03-26 06:18:27'),
(804, 'ccapesm1@sogou.com', 'oseebrightm1', 'User-centric interactive project', '2024-12-06 01:07:18', '2026-04-04 01:17:32'),
(805, 'ccoultousm2@nytimes.com', 'fclampem2', 'Focused non-volatile protocol', '2024-09-04 01:32:11', '2026-01-14 10:54:59'),
(806, 'tstroobantm3@microsoft.com', 'krossonm3', 'Assimilated incremental hierarchy', '2024-02-28 08:43:21', '2026-08-15 00:14:18'),
(807, 'ksievewrightm4@studiopress.com', 'estrongm4', 'Cross-group contextually-based internet solution', '2024-11-11 13:39:10', '2026-05-31 11:45:31'),
(808, 'jkeanm5@nhs.uk', 'charbackm5', 'Visionary hybrid contingency', '2024-04-28 21:18:31', '2026-10-28 19:50:50'),
(809, 'jbavinm6@4shared.com', 'afolcam6', 'Quality-focused value-added migration', '2023-12-20 16:53:06', '2026-02-19 16:24:07'),
(810, 'djoderlim7@vkontakte.ru', 'sschraderm7', 'Customizable static intranet', '2024-04-19 17:55:44', '2026-10-17 01:53:31'),
(811, 'yodamsm8@ning.com', 'lpikettm8', 'Multi-tiered global infrastructure', '2024-05-05 17:30:23', '2025-12-18 11:20:35'),
(812, 'gpaym9@mlb.com', 'vjocelynm9', 'Robust radical model', '2024-06-18 04:49:18', '2026-08-05 12:51:12'),
(813, 'apeddarma@google.ru', 'gbengallma', 'Networked incremental synergy', '2024-03-19 14:15:13', '2026-05-12 10:38:17'),
(814, 'hleynaghmb@dyndns.org', 'mdenseymb', 'User-friendly real-time neural-net', '2024-08-02 19:19:03', '2026-06-29 06:06:33'),
(815, 'rstaytemc@eepurl.com', 'rodaymc', 'Business-focused static definition', '2024-02-06 12:18:36', '2026-05-08 07:45:41'),
(816, 'gaylmoremd@howstuffworks.com', 'mjunkinsonmd', 'Operative upward-trending Graphic Interface', '2024-07-18 15:11:32', '2026-12-04 00:57:33'),
(817, 'spulhamme@digg.com', 'drotherme', 'Optional real-time projection', '2024-06-01 00:54:41', '2025-12-23 05:38:44'),
(818, 'joadesmf@moonfruit.com', 'epookemf', 'Business-focused multi-tasking artificial intelligence', '2024-04-08 05:06:48', '2026-03-18 20:59:58'),
(819, 'fpiepermg@discovery.com', 'jmattasermg', 'Virtual coherent data-warehouse', '2024-01-16 09:36:47', '2026-08-12 12:19:59'),
(820, 'rpechellmh@yellowpages.com', 'lriseammh', 'Multi-layered modular local area network', '2024-04-28 22:32:59', '2026-11-15 08:02:17'),
(821, 'hgherarduccimi@spotify.com', 'rgerghermi', 'Future-proofed content-based access', '2024-01-26 10:48:55', '2026-08-25 11:06:52'),
(822, 'mvelamj@facebook.com', 'mlinekermj', 'Streamlined fault-tolerant attitude', '2024-04-19 01:01:17', '2026-06-22 21:25:09'),
(823, 'mhausemk@4shared.com', 'cskymemk', 'Enhanced fault-tolerant encryption', '2024-08-18 03:40:39', '2026-11-01 01:05:35'),
(824, 'fbeesonml@goodreads.com', 'kpayleml', 'Self-enabling methodical array', '2024-07-10 13:35:57', '2026-03-22 15:07:53'),
(825, 'hlowdesmm@weebly.com', 'tblazymm', 'Vision-oriented multi-tasking infrastructure', '2024-06-18 14:07:05', '2026-07-28 08:13:21'),
(826, 'aiveansmn@narod.ru', 'nclampemn', 'Visionary 6th generation local area network', '2024-03-11 07:10:19', '2026-06-16 05:14:43'),
(827, 'ctraffordmo@sciencedaily.com', 'mrosettimo', 'Integrated radical local area network', '2024-06-22 15:09:52', '2026-03-20 13:51:15'),
(828, 'mpardeymp@salon.com', 'awheatermp', 'Pre-emptive tertiary collaboration', '2024-07-07 00:05:24', '2026-09-20 01:32:44'),
(829, 'aaringtonmq@cbslocal.com', 'smccromleymq', 'Self-enabling human-resource support', '2024-09-05 05:58:44', '2026-11-08 22:18:27'),
(830, 'sclarsonmr@pinterest.com', 'hjuoriomr', 'Intuitive dedicated info-mediaries', '2024-05-12 14:43:23', '2025-12-17 15:37:24'),
(831, 'pcapronms@fda.gov', 'cthurleyms', 'Profound neutral moderator', '2024-06-10 14:28:47', '2026-04-04 09:06:29'),
(832, 'redscermt@angelfire.com', 'bhuttmt', 'Right-sized bi-directional matrices', '2024-10-05 13:19:18', '2026-02-18 13:11:49'),
(833, 'mkemmemu@gnu.org', 'mmacgillmu', 'User-friendly grid-enabled initiative', '2024-03-24 00:47:44', '2025-12-14 02:39:58'),
(834, 'ejosiahmv@nba.com', 'aparramoremv', 'Sharable impactful hardware', '2024-10-06 13:14:21', '2026-10-03 11:33:21'),
(835, 'gbradburnemw@amazon.co.jp', 'fmacleodmw', 'Pre-emptive cohesive internet solution', '2024-08-16 06:18:10', '2026-05-04 22:40:23'),
(836, 'eplinckmx@symantec.com', 'gemmanuelmx', 'Extended explicit knowledge base', '2024-02-28 20:13:10', '2026-09-01 23:14:45'),
(837, 'mibbisonmy@shutterfly.com', 'clowthorpemy', 'Switchable 6th generation instruction set', '2024-07-26 00:45:19', '2025-12-15 04:41:46'),
(838, 'lburdemz@xrea.com', 'svoglmz', 'Organic optimizing complexity', '2024-04-25 21:59:32', '2026-03-16 02:32:39'),
(839, 'cdysonn0@chronoengine.com', 'rstigglesn0', 'Reverse-engineered radical knowledge base', '2024-08-22 18:34:38', '2026-05-12 13:08:08'),
(840, 'gjacquemotn1@buzzfeed.com', 'pklehnn1', 'Multi-layered client-driven policy', '2024-08-25 18:07:19', '2026-04-17 08:32:43'),
(841, 'bhaileyn2@tamu.edu', 'rcardnelln2', 'Digitized fault-tolerant info-mediaries', '2024-10-07 17:48:57', '2026-11-10 03:42:11'),
(842, 'bickoviczn3@home.pl', 'jtewelsonn3', 'Operative solution-oriented moratorium', '2024-06-06 17:43:24', '2026-06-04 15:33:36'),
(843, 'fmacguiren4@sogou.com', 'scooken4', 'Focused regional success', '2024-09-13 01:04:56', '2026-10-14 23:57:17'),
(844, 'fdietschen5@sourceforge.net', 'anairnen5', 'Multi-channelled encompassing success', '2024-12-05 09:41:48', '2026-08-07 05:55:40'),
(845, 'hwebsdalen6@wix.com', 'bbrothertonn6', 'Total optimal frame', '2024-05-17 20:55:45', '2026-07-01 16:58:20'),
(846, 'jibbesonn7@cafepress.com', 'lshadrackn7', 'Synergized incremental process improvement', '2024-05-14 04:39:33', '2026-07-07 23:05:38'),
(847, 'tstrawn8@zimbio.com', 'szavatteron8', 'Secured fault-tolerant throughput', '2024-02-20 16:02:30', '2026-07-22 03:28:24'),
(848, 'bpottn9@alibaba.com', 'rblaszczynskin9', 'Progressive incremental alliance', '2024-07-14 14:35:43', '2025-12-31 10:19:43'),
(849, 'scossingtonna@ucsd.edu', 'dhelsdonna', 'Stand-alone analyzing implementation', '2024-04-19 23:51:25', '2026-07-29 15:51:23'),
(850, 'rbillionnb@epa.gov', 'csyphusnb', 'Grass-roots didactic protocol', '2024-09-04 16:17:23', '2026-06-12 07:29:43'),
(851, 'tblampync@cloudflare.com', 'rbraddnc', 'Front-line client-server function', '2024-10-29 05:22:18', '2026-10-05 02:59:28'),
(852, 'saskennd@noaa.gov', 'srosengartennd', 'Business-focused asymmetric Graphic Interface', '2024-06-03 09:01:13', '2026-11-09 19:00:40'),
(853, 'fbastonne@mediafire.com', 'imcglaughnne', 'Customizable methodical parallelism', '2024-01-04 06:58:15', '2026-06-23 14:32:54'),
(854, 'plyenf@webeden.co.uk', 'bdarenf', 'Multi-tiered logistical implementation', '2024-12-07 11:21:49', '2026-12-06 13:49:18'),
(855, 'cscrivenerng@biglobe.ne.jp', 'mfleemanng', 'Object-based methodical protocol', '2024-12-02 00:21:37', '2026-08-22 22:35:10'),
(856, 'ashannnh@friendfeed.com', 'amaudittnh', 'Customizable coherent synergy', '2024-10-28 13:04:16', '2026-04-19 10:39:50'),
(857, 'hheistermannni@twitpic.com', 'cholliboneni', 'Inverse composite open architecture', '2024-11-06 21:29:42', '2026-04-19 16:07:05'),
(858, 'pferraranj@smh.com.au', 'mgrelliernj', 'Cloned asynchronous encoding', '2024-08-18 08:26:40', '2026-06-15 09:25:11'),
(859, 'mvolettnk@chronoengine.com', 'jmercynk', 'Optimized exuding website', '2023-12-29 19:12:06', '2026-05-09 06:34:17'),
(860, 'csaurinnl@nhs.uk', 'saleksankovnl', 'Cross-group encompassing installation', '2024-03-02 03:55:00', '2026-11-13 13:12:20'),
(861, 'ejoskanm@hp.com', 'hleimsternm', 'Right-sized attitude-oriented paradigm', '2024-08-10 18:19:22', '2026-02-18 18:55:39'),
(862, 'cwallegenn@themeforest.net', 'starpeynn', 'Decentralized bandwidth-monitored synergy', '2024-09-18 15:50:18', '2026-11-26 10:11:07'),
(863, 'drobjantno@cpanel.net', 'drobionno', 'Balanced foreground artificial intelligence', '2024-01-11 10:17:37', '2026-11-07 18:01:47'),
(864, 'plittledikenp@usgs.gov', 'mpantecostnp', 'Diverse interactive success', '2024-10-21 06:21:57', '2026-11-12 05:48:45'),
(865, 'rbardeynq@berkeley.edu', 'wmedwellnq', 'Persistent demand-driven instruction set', '2023-12-26 08:19:32', '2025-12-29 22:27:22'),
(866, 'gharfordnr@google.com.au', 'ebalaisonnr', 'Team-oriented modular intranet', '2024-11-15 17:09:05', '2026-11-30 20:11:52'),
(867, 'cjoplinns@facebook.com', 'hcoppockns', 'Customizable reciprocal policy', '2024-02-09 05:20:36', '2026-07-25 19:24:51'),
(868, 'jpratleynt@pen.io', 'igarritynt', 'Enterprise-wide bi-directional hardware', '2024-02-25 08:30:04', '2025-12-25 21:10:50'),
(869, 'achettlenu@squidoo.com', 'bwickersleynu', 'Right-sized system-worthy database', '2024-08-06 19:46:33', '2026-11-13 12:20:27'),
(870, 'mpotteridgenv@vimeo.com', 'acazereaunv', 'Vision-oriented impactful portal', '2024-09-10 14:59:42', '2026-12-04 10:56:14'),
(871, 'jtiffinnw@techcrunch.com', 'gforsaithnw', 'Organized transitional info-mediaries', '2024-09-04 17:18:11', '2026-02-12 17:18:35'),
(872, 'cgunnnx@google.de', 'sjardeinnx', 'Synergized heuristic software', '2024-09-23 01:47:22', '2026-09-29 11:14:48'),
(873, 'gmasseiny@cdc.gov', 'smaldenny', 'De-engineered asymmetric capacity', '2024-08-17 14:44:26', '2026-06-23 22:58:25'),
(874, 'lwoolleynz@mtv.com', 'bthackwraynz', 'Right-sized analyzing challenge', '2024-07-08 11:48:44', '2026-08-15 04:16:23'),
(875, 'kdubocko0@wordpress.com', 'alastyo0', 'Grass-roots coherent strategy', '2024-03-26 22:35:54', '2026-10-16 02:26:07'),
(876, 'wguitonneauo1@1und1.de', 'lfullegaro1', 'Expanded heuristic service-desk', '2024-06-02 00:07:17', '2026-08-17 19:19:08'),
(877, 'gdoelo2@surveymonkey.com', 'mwikeo2', 'Networked actuating moratorium', '2024-08-24 23:14:27', '2026-01-16 20:56:51'),
(878, 'vmarioneauo3@yelp.com', 'eboytono3', 'Universal contextually-based archive', '2024-02-19 11:07:39', '2026-02-14 19:07:34'),
(879, 'lsignoreo4@github.io', 'pbohlo4', 'Face to face maximized help-desk', '2024-02-04 01:48:25', '2026-06-07 18:19:57'),
(880, 'ljeryo5@bbc.co.uk', 'searsmano5', 'Centralized hybrid internet solution', '2024-01-23 17:17:28', '2026-09-06 18:59:34'),
(881, 'jgadieo6@edublogs.org', 'aneaveso6', 'Ameliorated explicit emulation', '2023-12-23 22:43:43', '2026-01-08 05:02:24'),
(882, 'dboamo7@techcrunch.com', 'gskirvingo7', 'Optional hybrid knowledge base', '2024-07-20 12:05:59', '2026-11-24 14:14:47'),
(883, 'kmithuno8@ycombinator.com', 'dcoverleyo8', 'Integrated background budgetary management', '2024-09-07 16:37:05', '2026-01-17 23:33:22'),
(884, 'fdruitto9@google.es', 'mbradocko9', 'Reverse-engineered systematic frame', '2024-10-21 13:40:57', '2026-03-13 14:51:59'),
(885, 'fkaesmansoa@godaddy.com', 'layrisoa', 'Distributed executive conglomeration', '2024-09-25 05:44:08', '2026-11-10 16:04:36'),
(886, 'acasadoob@cloudflare.com', 'cparmenterob', 'Persistent incremental infrastructure', '2024-09-12 08:41:52', '2026-09-04 06:43:51'),
(887, 'dtimlinoc@toplist.cz', 'jioriooc', 'Enterprise-wide reciprocal challenge', '2024-04-27 03:52:17', '2026-04-14 21:53:17'),
(888, 'cilyuninod@yale.edu', 'vblaaschod', 'Switchable transitional info-mediaries', '2024-02-27 09:09:08', '2026-08-05 02:55:47'),
(889, 'rkindredoe@geocities.com', 'ncristoforioe', 'Organic 6th generation hierarchy', '2024-03-27 00:44:32', '2026-10-21 19:57:36'),
(890, 'vtapleyof@businessweek.com', 'klambartonof', 'Reactive transitional Graphical User Interface', '2024-11-13 05:23:33', '2026-09-30 07:56:37'),
(891, 'sellarog@woothemes.com', 'jstrutzog', 'Advanced 24/7 instruction set', '2024-09-03 14:40:49', '2026-10-17 07:46:02'),
(892, 'sjoseoh@skype.com', 'efilmeroh', 'Assimilated client-server projection', '2024-02-12 13:02:14', '2026-03-22 21:47:48'),
(893, 'nbarltropoi@taobao.com', 'vlethbyoi', 'Mandatory 24 hour portal', '2024-01-28 08:05:34', '2026-01-04 20:48:01'),
(894, 'slabromoj@oakley.com', 'amaysoroj', 'Multi-layered radical structure', '2024-08-17 21:56:00', '2026-03-20 21:16:00'),
(895, 'jgrisdaleok@bigcartel.com', 'cmoormanok', 'Public-key multi-tasking methodology', '2024-07-02 01:17:40', '2026-01-07 05:16:08'),
(896, 'akirwinol@mysql.com', 'elangmanol', 'Secured static implementation', '2024-08-02 03:02:56', '2026-08-20 17:41:18'),
(897, 'dpeelom@trellian.com', 'mveiversom', 'Team-oriented client-server website', '2024-07-04 20:15:05', '2026-09-29 11:35:17'),
(898, 'bswetlandon@simplemachines.org', 'npleweson', 'Distributed 5th generation paradigm', '2024-01-16 04:41:05', '2026-11-03 01:46:24'),
(899, 'dsaterweyteoo@upenn.edu', 'mdowseoo', 'Persistent mission-critical Graphical User Interface', '2024-02-15 19:46:47', '2026-09-09 21:49:26'),
(900, 'rloudwellop@cocolog-nifty.com', 'mhenkensop', 'Synergistic modular website', '2023-12-31 21:58:59', '2026-07-18 22:13:43'),
(901, 'smarjoramoq@bbb.org', 'rmottleyoq', 'Versatile leading edge orchestration', '2024-08-04 15:13:21', '2026-04-06 20:22:14'),
(902, 'wbarthodor@vkontakte.ru', 'cvenessor', 'Realigned dynamic installation', '2024-05-30 08:01:23', '2026-01-26 17:04:40'),
(903, 'fortoos@webnode.com', 'utuddenhamos', 'Team-oriented bottom-line pricing structure', '2024-11-13 07:47:55', '2026-04-29 16:52:11'),
(904, 'pdringot@live.com', 'mdungeyot', 'Integrated upward-trending alliance', '2024-03-12 09:53:08', '2025-12-13 16:45:43'),
(905, 'gkennicottou@dailymail.co.uk', 'ldurramou', 'Universal disintermediate utilisation', '2024-12-03 18:59:05', '2026-09-06 11:42:29'),
(906, 'kellershawov@123-reg.co.uk', 'mschieferstenov', 'Digitized composite service-desk', '2024-09-23 06:25:13', '2026-01-13 04:31:12'),
(907, 'ilomanseyow@icq.com', 'slapadulaow', 'Organized foreground database', '2024-06-25 14:53:58', '2025-12-12 19:21:10'),
(908, 'cbruckshawox@house.gov', 'vexonox', 'Cross-group heuristic workforce', '2023-12-18 08:15:58', '2026-11-28 07:09:08'),
(909, 'bmurtaghoy@hexun.com', 'fhamblynoy', 'Total eco-centric data-warehouse', '2024-05-23 16:38:52', '2026-03-17 13:59:59'),
(910, 'dbissikeroz@desdev.cn', 'rellissoz', 'Distributed attitude-oriented project', '2024-12-01 00:45:42', '2026-08-20 22:12:29'),
(911, 'echanderp0@washington.edu', 'mislipp0', 'Assimilated 3rd generation success', '2024-05-13 08:32:36', '2026-05-19 07:10:54'),
(912, 'xbrahamsp1@npr.org', 'mriccardellip1', 'Down-sized cohesive standardization', '2024-08-15 09:16:26', '2026-02-03 19:04:28'),
(913, 'dkembleyp2@wikipedia.org', 'ishropsheirp2', 'Exclusive logistical task-force', '2024-04-26 03:28:26', '2026-05-01 08:13:55'),
(914, 'ltiltmanp3@theglobeandmail.com', 'lszubertp3', 'Right-sized systematic data-warehouse', '2024-07-24 05:05:13', '2026-01-20 20:43:34'),
(915, 'vdannelp4@google.co.uk', 'pternouthp4', 'Pre-emptive asynchronous matrix', '2024-11-07 19:06:41', '2026-04-14 00:16:59'),
(916, 'dbrehaultp5@nps.gov', 'mcabrerp5', 'Robust fault-tolerant interface', '2024-01-01 11:16:59', '2026-03-29 19:18:09'),
(917, 'bcornehlp6@nymag.com', 'spearlp6', 'Virtual attitude-oriented moratorium', '2024-11-22 01:22:09', '2025-12-28 02:31:16'),
(918, 'vawcoatep7@about.com', 'vhurlep7', 'Synergized optimal hardware', '2024-11-11 16:45:34', '2026-03-02 21:48:16'),
(919, 'ibendixenp8@about.me', 'diansonp8', 'Centralized eco-centric matrices', '2024-11-25 03:10:25', '2026-05-08 13:24:21'),
(920, 'wdelbouxp9@scribd.com', 'obubbingsp9', 'Phased bifurcated complexity', '2024-04-22 18:48:10', '2026-02-17 12:48:19'),
(921, 'edunningpa@whitehouse.gov', 'mkeeltaghpa', 'Advanced client-server approach', '2024-11-07 10:40:45', '2026-09-01 15:56:19'),
(922, 'ftabourinpb@webmd.com', 'agoodaypb', 'Implemented attitude-oriented productivity', '2024-09-20 12:58:33', '2026-05-10 08:47:25'),
(923, 'fpeaplepc@mac.com', 'ebehninckpc', 'Devolved next generation concept', '2024-03-10 05:44:30', '2025-12-29 22:22:46'),
(924, 'stownepd@ted.com', 'nlatanpd', 'Synergistic scalable neural-net', '2024-07-12 15:30:39', '2026-05-29 04:29:59'),
(925, 'zoggpe@wikia.com', 'hhewsonpe', 'Visionary intangible extranet', '2023-12-18 20:29:17', '2025-12-18 05:42:02'),
(926, 'cmancktelowpf@whitehouse.gov', 'bgantpf', 'Switchable attitude-oriented protocol', '2024-09-07 07:15:40', '2026-11-19 04:47:32'),
(927, 'jrylandpg@aol.com', 'jhussellpg', 'Total systemic paradigm', '2024-05-19 11:26:23', '2026-06-10 18:42:42'),
(928, 'dsimanekph@prlog.org', 'tdowningph', 'Optimized multimedia access', '2024-01-30 18:41:53', '2026-01-01 23:55:10'),
(929, 'jhartwellpi@gmpg.org', 'cromushkinpi', 'Enhanced bifurcated groupware', '2024-08-03 14:09:17', '2026-09-29 18:44:50'),
(930, 'ghindmorepj@oakley.com', 'wgrevelpj', 'Future-proofed dynamic hub', '2024-02-28 19:22:26', '2026-04-20 07:23:12'),
(931, 'mpierropk@toplist.cz', 'egabbatpk', 'Adaptive 24 hour utilisation', '2024-08-06 14:32:25', '2026-02-20 05:11:47'),
(932, 'hdymokepl@mapquest.com', 'mnaptinpl', 'Operative tertiary Graphic Interface', '2024-10-06 21:53:16', '2026-11-18 18:19:09'),
(933, 'mcattanachpm@odnoklassniki.ru', 'brubenspm', 'Expanded transitional website', '2023-12-15 05:33:54', '2026-03-20 06:22:04'),
(934, 'atroppmannpn@umich.edu', 'wtebbpn', 'Implemented real-time time-frame', '2024-09-24 05:28:50', '2026-10-27 22:35:19'),
(935, 'rdochepo@aol.com', 'dflanaghanpo', 'Adaptive grid-enabled function', '2024-08-13 03:40:12', '2026-07-27 09:20:17'),
(936, 'mheintzepp@chicagotribune.com', 'bgouldpp', 'Ergonomic actuating capability', '2024-02-21 13:04:05', '2026-07-02 11:00:22'),
(937, 'dstpierrepq@myspace.com', 'gbarkwaypq', 'Integrated background encryption', '2024-08-20 10:00:30', '2026-11-30 01:33:17'),
(938, 'mpamphilonpr@godaddy.com', 'idovestonpr', 'Centralized multimedia collaboration', '2024-09-01 13:20:17', '2026-03-03 21:19:52'),
(939, 'sjenkps@mozilla.org', 'lbartelotps', 'Innovative incremental solution', '2024-05-05 20:27:49', '2026-03-12 18:36:09'),
(940, 'lnielsonpt@barnesandnoble.com', 'mfuidgept', 'Ergonomic bandwidth-monitored system engine', '2023-12-22 19:35:08', '2026-08-19 00:44:19'),
(941, 'catackpu@about.com', 'tiannellipu', 'Right-sized tangible moderator', '2024-04-29 23:01:10', '2026-07-29 01:41:05'),
(942, 'rticknerpv@amazonaws.com', 'sgosspv', 'Ameliorated uniform monitoring', '2024-10-10 10:19:48', '2026-11-13 10:56:13'),
(943, 'imccullypw@yellowbook.com', 'lczaplepw', 'Horizontal tangible local area network', '2024-06-07 08:00:08', '2026-08-09 16:21:34'),
(944, 'rdaglishpx@vistaprint.com', 'zarrundalepx', 'Multi-layered well-modulated success', '2024-08-17 06:17:22', '2026-11-28 12:53:15'),
(945, 'ckeysonpy@cyberchimps.com', 'glecordierpy', 'Re-engineered real-time archive', '2023-12-29 10:20:17', '2026-08-12 21:07:46'),
(946, 'kwetheredpz@timesonline.co.uk', 'squiggpz', 'Stand-alone discrete task-force', '2024-03-23 19:35:45', '2026-11-11 03:23:38'),
(947, 'sfrancilloq0@is.gd', 'mfyrthq0', 'Virtual radical contingency', '2024-09-21 03:55:46', '2026-05-28 06:27:10'),
(948, 'aphilcockq1@sakura.ne.jp', 'ninnocentq1', 'Organic uniform complexity', '2024-10-27 07:36:45', '2026-02-10 13:12:49'),
(949, 'gtoplinq2@un.org', 'hbraxayq2', 'Managed optimal website', '2024-02-25 16:35:12', '2026-02-07 09:37:13'),
(950, 'ebeevisq3@samsung.com', 'ccrameq3', 'Face to face value-added attitude', '2024-05-03 16:18:19', '2026-12-07 05:40:50'),
(951, 'kpetfordq4@usatoday.com', 'ppresdieq4', 'Open-architected systemic concept', '2024-08-17 12:07:12', '2026-05-20 16:59:31'),
(952, 'gaxtenq5@1688.com', 'rfilyaevq5', 'Exclusive exuding customer loyalty', '2024-11-29 15:09:29', '2026-03-02 03:48:37'),
(953, 'jtorryq6@smh.com.au', 'jdominiqueq6', 'De-engineered 5th generation pricing structure', '2024-05-27 06:46:39', '2026-08-29 11:30:27'),
(954, 'owandsq7@goo.ne.jp', 'mshaneq7', 'Sharable clear-thinking budgetary management', '2024-08-27 03:33:09', '2026-04-27 21:43:43'),
(955, 'mslaterq8@goodreads.com', 'rskiplorneq8', 'User-centric responsive open architecture', '2024-08-21 22:53:44', '2026-07-28 08:55:17'),
(956, 'hmanssuerq9@blogger.com', 'dshermoreq9', 'Open-source impactful service-desk', '2024-05-18 10:08:55', '2026-03-03 20:06:58'),
(957, 'pjacobssonqa@princeton.edu', 'pfisbburneqa', 'Profit-focused solution-oriented contingency', '2024-07-25 11:37:32', '2026-05-01 18:14:07'),
(958, 'lnoahqb@alexa.com', 'gdenkqb', 'User-centric 5th generation implementation', '2024-05-22 04:07:04', '2026-05-16 05:15:59'),
(959, 'hlafranconiqc@rakuten.co.jp', 'mflaxmanqc', 'Grass-roots fault-tolerant emulation', '2024-10-09 03:37:55', '2026-11-05 03:08:39'),
(960, 'pspoltonqd@tumblr.com', 'mbercherqd', 'Enhanced content-based hub', '2024-10-31 13:45:20', '2026-08-12 17:05:36'),
(961, 'hcescottiqe@imageshack.us', 'gmckueqe', 'User-centric local methodology', '2023-12-21 16:38:51', '2026-02-10 21:03:39'),
(962, 'rrigebyqf@phpbb.com', 'dkennerqf', 'User-friendly multimedia instruction set', '2024-11-02 23:55:44', '2026-02-05 05:14:52'),
(963, 'mjamrowiczqg@sciencedirect.com', 'jdenningtonqg', 'Implemented modular extranet', '2024-03-17 05:49:41', '2026-10-10 12:01:27'),
(964, 'jbraneyqh@stanford.edu', 'acouvesqh', 'Synchronised value-added throughput', '2024-05-19 07:03:48', '2026-01-30 01:54:24'),
(965, 'iriddellqi@berkeley.edu', 'cpresnailqi', 'Advanced optimal firmware', '2024-10-10 18:11:33', '2026-08-07 06:45:47'),
(966, 'bcabreraqj@house.gov', 'llaurentqj', 'Open-source explicit open architecture', '2024-06-20 17:52:17', '2026-05-01 13:59:33'),
(967, 'akulisqk@mlb.com', 'mmartindaleqk', 'Re-engineered bi-directional algorithm', '2024-10-22 07:21:38', '2026-07-11 09:01:58'),
(968, 'gbingellql@yellowpages.com', 'mwemyssql', 'Fundamental composite standardization', '2024-01-20 05:56:27', '2026-04-27 12:47:19'),
(969, 'tsmileyqm@about.com', 'mbiesingerqm', 'Devolved 3rd generation capability', '2024-06-26 21:38:02', '2026-04-11 21:57:42'),
(970, 'eennionqn@bbb.org', 'jhugganqn', 'Proactive transitional attitude', '2024-01-25 18:43:11', '2026-05-01 09:52:05'),
(971, 'sharlandqo@lulu.com', 'ssteinsonqo', 'De-engineered systemic superstructure', '2024-11-09 14:50:01', '2026-03-27 15:43:45'),
(972, 'hreapqp@google.ru', 'nkerneqp', 'Assimilated asynchronous firmware', '2024-05-01 20:27:14', '2026-02-05 13:39:23'),
(973, 'ldevilleqq@intel.com', 'nryvesqq', 'Optimized zero tolerance leverage', '2024-04-09 06:55:15', '2026-09-27 22:55:33'),
(974, 'tdugganqr@nymag.com', 'lrangeleyqr', 'Balanced modular groupware', '2024-09-04 10:58:47', '2026-04-15 16:14:40'),
(975, 'jcoleridgeqs@admin.ch', 'mcurtisqs', 'Visionary scalable capability', '2024-07-21 02:24:49', '2026-09-09 01:22:43'),
(976, 'owestfalenqt@hugedomains.com', 'cjewessqt', 'Programmable value-added hub', '2024-06-09 18:44:59', '2026-08-19 12:10:39'),
(977, 'fbrombyqu@imgur.com', 'wgrisdalequ', 'Enhanced explicit focus group', '2024-03-19 17:11:05', '2026-01-22 15:31:49'),
(978, 'atidmarshqv@google.com.hk', 'amacqueenqv', 'Polarised bifurcated collaboration', '2024-01-07 07:46:09', '2026-05-05 10:39:06'),
(979, 'gcarrabottqw@icq.com', 'mdewickeqw', 'User-centric fault-tolerant firmware', '2024-05-09 00:27:36', '2026-03-05 13:05:02'),
(980, 'cmundenqx@miitbeian.gov.cn', 'rmacalpineqx', 'Enterprise-wide systemic encryption', '2024-01-10 17:31:38', '2026-01-26 17:24:57'),
(981, 'fortnerqy@sfgate.com', 'jperringtonqy', 'Exclusive foreground hardware', '2024-05-25 08:22:06', '2025-12-13 22:42:49'),
(982, 'rcumminsqz@wikia.com', 'lmacconnalqz', 'Down-sized optimal process improvement', '2024-05-21 18:18:22', '2026-05-13 11:46:26'),
(983, 'kredheadr0@elegantthemes.com', 'sfaulkenerr0', 'Robust incremental approach', '2024-02-15 15:05:57', '2026-03-28 13:55:43'),
(984, 'ibrimblecombr1@tripadvisor.com', 'gwebleyr1', 'Exclusive multi-state time-frame', '2024-03-10 16:32:50', '2026-11-19 21:12:08'),
(985, 'kkasperr2@wp.com', 'fmeasenr2', 'Innovative interactive product', '2024-08-15 07:39:40', '2026-07-02 16:01:23'),
(986, 'mbigglestoner3@umich.edu', 'ekittler3', 'Function-based incremental implementation', '2024-02-21 05:38:53', '2026-05-01 21:50:55'),
(987, 'mrobelowr4@mashable.com', 'kstutardr4', 'Centralized bi-directional ability', '2024-07-08 20:28:05', '2026-11-13 12:38:05'),
(988, 'dmoncurr5@google.pl', 'llangmanr5', 'Versatile tangible access', '2024-07-10 00:09:54', '2026-08-18 15:06:12'),
(989, 'kdowgillr6@yellowbook.com', 'wpatekr6', 'Future-proofed bottom-line structure', '2024-02-03 23:10:23', '2026-11-16 14:44:37'),
(990, 'qdandor7@google.ca', 'rdodgsonr7', 'Multi-lateral transitional encoding', '2024-01-03 05:43:28', '2026-07-14 15:52:48'),
(991, 'ajarredr8@prnewswire.com', 'rwahncker8', 'Customer-focused background knowledge base', '2024-05-20 20:31:59', '2026-01-24 21:19:05'),
(992, 'hclaisser9@amazonaws.com', 'clealr9', 'Optional didactic conglomeration', '2024-06-22 22:27:27', '2026-04-29 14:04:59'),
(993, 'wbuiera@census.gov', 'gmursellra', 'Proactive zero defect archive', '2024-04-03 13:50:38', '2026-01-05 19:45:23'),
(994, 'pmcgorleyrb@redcross.org', 'callattrb', 'Devolved incremental support', '2024-08-13 04:17:48', '2026-02-16 04:40:35'),
(995, 'pbostickrc@fda.gov', 'apedronirc', 'Object-based bottom-line implementation', '2024-03-05 21:33:08', '2025-12-26 15:53:16'),
(996, 'lanlayrd@wiley.com', 'kfirmingerrd', 'Organized heuristic secured line', '2024-05-03 00:22:14', '2026-09-30 23:12:29'),
(997, 'mheighwayre@twitter.com', 'rhartusre', 'Phased solution-oriented software', '2023-12-14 21:42:01', '2026-10-19 04:24:26'),
(998, 'eheadfordrf@wordpress.com', 'tgirckerf', 'Fully-configurable composite alliance', '2024-11-17 15:13:48', '2026-05-24 11:15:51'),
(999, 'gshinfieldrg@sakura.ne.jp', 'jbuxeyrg', 'Pre-emptive composite frame', '2024-08-11 23:55:26', '2026-07-25 17:48:04'),
(1000, 'lpougherrh@aboutads.info', 'mmateevrh', 'User-friendly interactive collaboration', '2023-12-18 06:18:00', '2026-05-10 07:24:57'),
(1001, 'gveelersri@comsenz.com', 'lmartinuzziri', 'Persistent mission-critical capacity', '2023-12-18 03:08:25', '2026-01-18 08:18:37'),
(1002, 'asimonuttirj@google.co.uk', 'akollaschekrj', 'Automated bi-directional utilisation', '2024-01-25 10:05:10', '2026-06-24 07:06:16'),
(1003, 'illewellinrk@apache.org', 'wlauxrk', 'Distributed upward-trending algorithm', '2024-03-06 04:32:45', '2026-03-29 01:52:20'),
(1004, 'atrillrl@java.com', 'bpalmbyrl', 'Integrated exuding data-warehouse', '2024-05-12 14:24:00', '2026-11-10 13:15:26'),
(1005, 'cgolstonrm@networksolutions.com', 'ahousamanrm', 'Synergized multimedia groupware', '2024-03-15 22:41:25', '2025-12-19 15:42:09'),
(1006, 'mgiacovettirn@yellowpages.com', 'loliffern', 'Phased exuding conglomeration', '2024-10-10 11:21:44', '2026-01-29 04:27:53'),
(1007, 'lthormwellro@irs.gov', 'rhightonro', 'Optional client-driven alliance', '2024-11-11 22:13:52', '2026-03-11 02:53:47'),
(1008, 'gfoltinrp@vimeo.com', 'adringrp', 'Inverse intangible projection', '2024-07-10 06:09:20', '2026-10-29 00:56:05'),
(1009, 'bleggonrq@miitbeian.gov.cn', 'spostlewhiterq', 'Business-focused 3rd generation website', '2024-09-21 14:22:24', '2026-10-28 06:47:50'),
(1010, 'ewestfalenrr@is.gd', 'fbennedsenrr', 'Phased actuating contingency', '2024-03-07 14:48:30', '2026-10-22 15:58:08'),
(1011, 'fakeemail@gmail.com', 'DragonSlayerRiku', 'May your heart be your guiding key. For those after us.', '2025-12-08 11:46:23', '2025-12-14 11:46:23');

-- --------------------------------------------------------

--
-- Table structure for table `kommentit`
--

CREATE TABLE `kommentit` (
  `kommentti_tunnus` int(11) NOT NULL,
  `postauksen_id` int(11) DEFAULT NULL,
  `ylakommentti_id` int(11) DEFAULT NULL,
  `kommentti_paivamaara` timestamp NOT NULL DEFAULT current_timestamp(),
  `kommenttajan_id` int(11) NOT NULL,
  `kommentti_text` varchar(144) NOT NULL
) ENGINE=InnoDB DEFAULT CHARSET=utf8mb4 COLLATE=utf8mb4_general_ci;

--
-- Dumping data for table `kommentit`
--

INSERT INTO `kommentit` (`kommentti_tunnus`, `postauksen_id`, `ylakommentti_id`, `kommentti_paivamaara`, `kommenttajan_id`, `kommentti_text`) VALUES
(1, 20, NULL, '2026-03-14 16:22:04', 2, 'Vestibulum ac est lacinia nisi venenatis tristique. Fusce congue, diam id ornare imperdiet, sapien urna pretium nisl, ut volutpat sapien arcu se'),
(2, 49, NULL, '2026-01-01 20:52:28', 7, 'In hac habitasse platea dictumst. Morbi vestibulum, velit id pretium iaculis, diam erat fermentum justo, nec condimentum neque sapien placerat a'),
(3, 21, NULL, '2026-06-26 11:39:21', 6, 'Phasellus in felis.'),
(4, 10, NULL, '2025-12-31 11:37:35', 4, 'Nullam molestie nibh in lectus.'),
(5, 11, NULL, '2026-07-04 06:09:30', 2, 'Etiam vel augue.'),
(6, 22, NULL, '2026-06-21 03:16:02', 3, 'Integer ac leo.'),
(7, 9, NULL, '2026-07-06 09:15:20', 6, 'Suspendisse ornare consequat lectus.'),
(8, 23, NULL, '2026-03-19 11:17:12', 3, 'Fusce consequat. Nulla nisl.'),
(9, 29, NULL, '2026-03-31 17:50:07', 3, 'Mauris sit amet eros. Suspendisse accumsan tortor quis turpis. Sed ante.'),
(10, 39, NULL, '2026-11-30 02:49:30', 4, 'Nunc rhoncus dui vel sem.'),
(11, 11, NULL, '2026-03-13 16:22:35', 3, 'Nulla neque libero, convallis eget, eleifend luctus, ultricies eu, nibh. Quisque id justo sit amet sapien dignissim vestibulum. Vestibulum ante '),
(12, 27, NULL, '2026-07-01 03:20:24', 2, 'Fusce lacus purus, aliquet at, feugiat non, pretium quis, lectus. Suspendisse potenti.'),
(13, 14, NULL, '2026-05-13 21:38:40', 6, 'Quisque id justo sit amet sapien dignissim vestibulum. Vestibulum ante ipsum primis in faucibus orci luctus et ultrices posuere cubilia Curae; N'),
(14, 34, NULL, '2025-12-16 18:21:01', 3, 'Aliquam quis turpis eget elit sodales scelerisque.'),
(15, 40, NULL, '2026-01-08 23:53:26', 8, 'Mauris lacinia sapien quis libero. Nullam sit amet turpis elementum ligula vehicula consequat.'),
(16, 18, NULL, '2026-04-24 01:03:01', 10, 'Donec vitae nisi. Nam ultrices, libero non mattis pulvinar, nulla pede ullamcorper augue, a suscipit nulla elit ac nulla. Sed vel enim sit amet '),
(17, 14, NULL, '2026-04-06 13:18:08', 4, 'Proin risus. Praesent lectus.'),
(18, 37, NULL, '2026-11-10 18:05:02', 5, 'Phasellus sit amet erat. Nulla tempus. Vivamus in felis eu sapien cursus vestibulum.'),
(19, 18, NULL, '2026-01-17 11:22:21', 7, 'Suspendisse potenti. In eleifend quam a odio. In hac habitasse platea dictumst.'),
(20, 12, NULL, '2026-02-24 20:42:30', 2, 'Suspendisse accumsan tortor quis turpis. Sed ante. Vivamus tortor.'),
(21, 34, NULL, '2026-03-12 08:59:44', 2, 'Donec ut mauris eget massa tempor convallis.'),
(22, 7, NULL, '2026-01-08 18:17:04', 5, 'Aenean sit amet justo. Morbi ut odio.'),
(23, 8, NULL, '2026-05-18 06:26:00', 7, 'Cras mi pede, malesuada in, imperdiet et, commodo vulputate, justo.'),
(24, 12, NULL, '2026-02-22 17:54:27', 4, 'Nulla justo. Aliquam quis turpis eget elit sodales scelerisque. Mauris sit amet eros.'),
(25, 34, NULL, '2026-10-22 10:21:43', 10, 'Aliquam sit amet diam in magna bibendum imperdiet. Nullam orci pede, venenatis non, sodales sed, tincidunt eu, felis.'),
(26, 21, NULL, '2026-10-07 19:05:02', 9, 'Nulla facilisi. Cras non velit nec nisi vulputate nonummy.'),
(27, 9, NULL, '2026-08-12 20:57:31', 6, 'Nam ultrices, libero non mattis pulvinar, nulla pede ullamcorper augue, a suscipit nulla elit ac nulla. Sed vel enim sit amet nunc viverra dapib'),
(28, 30, NULL, '2026-08-20 06:36:33', 9, 'Aenean sit amet justo. Morbi ut odio.'),
(29, 25, NULL, '2026-02-07 07:51:18', 4, 'Aliquam non mauris. Morbi non lectus. Aliquam sit amet diam in magna bibendum imperdiet.'),
(30, 21, NULL, '2026-01-26 07:44:54', 3, 'Cras pellentesque volutpat dui. Maecenas tristique, est et tempus semper, est quam pharetra magna, ac consequat metus sapien ut nunc.'),
(31, 12, NULL, '2026-02-03 08:11:53', 6, 'Morbi vestibulum, velit id pretium iaculis, diam erat fermentum justo, nec condimentum neque sapien placerat ante. Nulla justo. Aliquam quis tur'),
(32, 35, NULL, '2026-10-22 06:21:15', 6, 'Donec quis orci eget orci vehicula condimentum. Curabitur in libero ut massa volutpat convallis. Morbi odio odio, elementum eu, interdum eu, tin'),
(33, 24, NULL, '2025-12-11 23:07:17', 3, 'Proin at turpis a pede posuere nonummy.'),
(34, 2, NULL, '2026-11-03 10:53:04', 4, 'Integer pede justo, lacinia eget, tincidunt eget, tempus vel, pede.'),
(35, 12, NULL, '2026-05-14 06:45:09', 4, 'Vestibulum rutrum rutrum neque.'),
(36, 5, NULL, '2026-10-28 12:50:04', 6, 'Etiam faucibus cursus urna. Ut tellus.'),
(37, 8, NULL, '2026-03-27 14:12:54', 5, 'Proin risus. Praesent lectus. Vestibulum quam sapien, varius ut, blandit non, interdum in, ante.'),
(38, 21, NULL, '2026-01-09 01:08:35', 6, 'Proin leo odio, porttitor id, consequat in, consequat ut, nulla.'),
(39, 40, NULL, '2026-06-18 22:11:02', 7, 'Nulla nisl. Nunc nisl. Duis bibendum, felis sed interdum venenatis, turpis enim blandit mi, in porttitor pede justo eu massa.'),
(40, 21, NULL, '2026-01-03 22:52:29', 9, 'Nam nulla. Integer pede justo, lacinia eget, tincidunt eget, tempus vel, pede. Morbi porttitor lorem id ligula.'),
(41, 37, NULL, '2026-03-09 12:40:50', 10, 'Praesent blandit lacinia erat. Vestibulum sed magna at nunc commodo placerat. Praesent blandit.'),
(42, 8, NULL, '2026-08-28 17:21:18', 3, 'Aliquam erat volutpat.'),
(43, 30, NULL, '2026-05-07 04:36:16', 2, 'In blandit ultrices enim.'),
(44, 39, NULL, '2026-03-08 17:44:02', 2, 'Proin leo odio, porttitor id, consequat in, consequat ut, nulla.'),
(45, 49, NULL, '2026-07-20 11:02:58', 2, 'Sed ante. Vivamus tortor.'),
(46, 19, NULL, '2026-11-24 09:21:21', 1, 'Fusce posuere felis sed lacus. Morbi sem mauris, laoreet ut, rhoncus aliquet, pulvinar sed, nisl.'),
(47, 30, NULL, '2025-12-21 01:24:32', 9, 'Ut at dolor quis odio consequat varius.'),
(48, 43, NULL, '2026-07-29 01:24:15', 9, 'Proin eu mi.'),
(49, 37, NULL, '2026-11-02 04:22:42', 10, 'Nullam varius. Nulla facilisi.'),
(50, 22, NULL, '2026-12-09 20:46:09', 6, 'Nam dui. Proin leo odio, porttitor id, consequat in, consequat ut, nulla.'),
(51, 32, NULL, '2026-06-25 16:15:33', 3, 'Mauris lacinia sapien quis libero.'),
(52, 27, NULL, '2026-12-07 07:50:15', 6, 'Duis mattis egestas metus.'),
(53, 36, NULL, '2026-08-08 16:01:55', 6, 'Vestibulum ante ipsum primis in faucibus orci luctus et ultrices posuere cubilia Curae; Donec pharetra, magna vestibulum aliquet ultrices, erat '),
(54, 37, NULL, '2026-08-06 23:07:46', 10, 'Vestibulum quam sapien, varius ut, blandit non, interdum in, ante. Vestibulum ante ipsum primis in faucibus orci luctus et ultrices posuere cubi'),
(55, 47, NULL, '2026-11-11 10:06:36', 4, 'Proin leo odio, porttitor id, consequat in, consequat ut, nulla.'),
(56, 18, NULL, '2026-07-31 16:18:12', 9, 'Maecenas leo odio, condimentum id, luctus nec, molestie sed, justo. Pellentesque viverra pede ac diam.'),
(57, 28, NULL, '2026-02-22 06:39:21', 5, 'Vestibulum ante ipsum primis in faucibus orci luctus et ultrices posuere cubilia Curae; Mauris viverra diam vitae quam.'),
(58, 34, NULL, '2026-01-08 16:16:30', 2, 'Nulla neque libero, convallis eget, eleifend luctus, ultricies eu, nibh.'),
(59, 43, NULL, '2026-09-17 00:54:38', 7, 'In sagittis dui vel nisl. Duis ac nibh. Fusce lacus purus, aliquet at, feugiat non, pretium quis, lectus.'),
(60, 25, NULL, '2026-04-25 01:55:10', 8, 'Mauris lacinia sapien quis libero. Nullam sit amet turpis elementum ligula vehicula consequat.'),
(61, 29, NULL, '2026-09-10 19:25:55', 2, 'Proin leo odio, porttitor id, consequat in, consequat ut, nulla.'),
(62, 3, NULL, '2026-06-24 05:00:56', 4, 'Fusce posuere felis sed lacus. Morbi sem mauris, laoreet ut, rhoncus aliquet, pulvinar sed, nisl.'),
(63, 36, NULL, '2026-08-17 22:46:29', 10, 'Mauris sit amet eros. Suspendisse accumsan tortor quis turpis.'),
(64, 13, NULL, '2026-08-26 17:40:58', 5, 'Mauris lacinia sapien quis libero.'),
(65, 30, NULL, '2026-07-27 06:07:18', 5, 'Pellentesque ultrices mattis odio. Donec vitae nisi.'),
(66, 30, NULL, '2026-11-13 08:09:26', 7, 'Etiam justo. Etiam pretium iaculis justo. In hac habitasse platea dictumst.'),
(67, 24, NULL, '2026-01-01 06:44:32', 4, 'Praesent blandit lacinia erat. Vestibulum sed magna at nunc commodo placerat.'),
(68, 46, NULL, '2026-04-24 16:47:01', 7, 'Fusce consequat. Nulla nisl. Nunc nisl.'),
(69, 4, NULL, '2026-01-14 05:36:36', 4, 'Donec odio justo, sollicitudin ut, suscipit a, feugiat et, eros. Vestibulum ac est lacinia nisi venenatis tristique. Fusce congue, diam id ornar'),
(70, 42, NULL, '2026-03-19 18:35:21', 3, 'Duis consequat dui nec nisi volutpat eleifend. Donec ut dolor.'),
(71, 25, NULL, '2026-04-27 04:26:43', 10, 'In congue.'),
(72, 26, NULL, '2026-11-16 02:03:05', 5, 'Curabitur at ipsum ac tellus semper interdum. Mauris ullamcorper purus sit amet nulla.'),
(73, 31, NULL, '2026-06-04 04:37:06', 9, 'Morbi a ipsum.'),
(74, 31, NULL, '2026-12-06 06:22:33', 6, 'Morbi vestibulum, velit id pretium iaculis, diam erat fermentum justo, nec condimentum neque sapien placerat ante. Nulla justo. Aliquam quis tur'),
(75, 23, NULL, '2026-04-26 05:46:20', 9, 'Nulla tempus. Vivamus in felis eu sapien cursus vestibulum.'),
(76, 28, NULL, '2026-10-16 09:31:30', 7, 'Aenean sit amet justo. Morbi ut odio. Cras mi pede, malesuada in, imperdiet et, commodo vulputate, justo.'),
(77, 32, NULL, '2026-03-06 11:57:40', 9, 'Maecenas ut massa quis augue luctus tincidunt. Nulla mollis molestie lorem. Quisque ut erat.'),
(78, 38, NULL, '2026-01-03 23:30:26', 9, 'Donec posuere metus vitae ipsum. Aliquam non mauris.'),
(79, 25, NULL, '2026-01-18 11:25:30', 9, 'Proin eu mi. Nulla ac enim. In tempor, turpis nec euismod scelerisque, quam turpis adipiscing lorem, vitae mattis nibh ligula nec sem.'),
(80, 10, NULL, '2026-07-06 12:47:04', 8, 'Duis ac nibh.'),
(81, 19, NULL, '2026-11-29 00:17:20', 6, 'Etiam faucibus cursus urna. Ut tellus. Nulla ut erat id mauris vulputate elementum.'),
(82, 9, NULL, '2026-09-29 21:16:31', 7, 'Nulla justo. Aliquam quis turpis eget elit sodales scelerisque.'),
(83, 22, NULL, '2026-04-24 09:41:31', 9, 'Nullam varius. Nulla facilisi. Cras non velit nec nisi vulputate nonummy.'),
(84, 17, NULL, '2026-07-06 18:21:42', 9, 'In sagittis dui vel nisl. Duis ac nibh.'),
(85, 4, NULL, '2026-07-29 03:01:42', 8, 'Suspendisse accumsan tortor quis turpis.'),
(86, 47, NULL, '2026-10-16 00:57:57', 4, 'Maecenas pulvinar lobortis est. Phasellus sit amet erat. Nulla tempus.'),
(87, 17, NULL, '2026-03-06 07:26:01', 3, 'Duis aliquam convallis nunc. Proin at turpis a pede posuere nonummy. Integer non velit.'),
(88, 29, NULL, '2026-05-09 13:36:35', 5, 'Duis mattis egestas metus.'),
(89, 16, NULL, '2026-03-23 06:52:12', 3, 'Curabitur gravida nisi at nibh.'),
(90, 28, NULL, '2026-07-06 18:29:22', 4, 'Etiam justo.'),
(91, 40, NULL, '2026-11-24 13:21:58', 5, 'Nulla neque libero, convallis eget, eleifend luctus, ultricies eu, nibh. Quisque id justo sit amet sapien dignissim vestibulum. Vestibulum ante '),
(92, 35, NULL, '2026-02-28 06:13:38', 1, 'Nunc purus.'),
(93, 14, NULL, '2026-10-09 16:42:22', 9, 'Nulla ut erat id mauris vulputate elementum.'),
(94, 36, NULL, '2026-02-09 22:50:05', 8, 'Sed vel enim sit amet nunc viverra dapibus. Nulla suscipit ligula in lacus.'),
(95, 46, NULL, '2026-10-17 04:27:26', 5, 'Praesent lectus. Vestibulum quam sapien, varius ut, blandit non, interdum in, ante. Vestibulum ante ipsum primis in faucibus orci luctus et ultr'),
(96, 1, NULL, '2026-11-03 21:20:03', 5, 'Donec vitae nisi. Nam ultrices, libero non mattis pulvinar, nulla pede ullamcorper augue, a suscipit nulla elit ac nulla.'),
(97, 5, NULL, '2026-02-05 08:31:57', 2, 'Ut tellus. Nulla ut erat id mauris vulputate elementum.'),
(98, 10, NULL, '2026-03-11 14:48:56', 5, 'Lorem ipsum dolor sit amet, consectetuer adipiscing elit.'),
(99, 33, NULL, '2026-06-12 03:24:23', 2, 'Curabitur convallis.'),
(100, 12, NULL, '2026-10-14 16:27:49', 6, 'Integer pede justo, lacinia eget, tincidunt eget, tempus vel, pede.'),
(101, 9, NULL, '2026-08-14 13:16:18', 8, 'Maecenas pulvinar lobortis est.'),
(102, 12, NULL, '2026-05-08 23:06:18', 10, 'Duis aliquam convallis nunc.'),
(103, 21, NULL, '2026-10-23 12:25:08', 4, 'Aliquam erat volutpat. In congue. Etiam justo.'),
(104, 28, NULL, '2026-04-16 11:38:33', 8, 'Sed vel enim sit amet nunc viverra dapibus. Nulla suscipit ligula in lacus. Curabitur at ipsum ac tellus semper interdum.'),
(105, 22, NULL, '2026-07-30 20:25:38', 8, 'Maecenas tristique, est et tempus semper, est quam pharetra magna, ac consequat metus sapien ut nunc. Vestibulum ante ipsum primis in faucibus o'),
(106, 37, NULL, '2026-09-18 06:02:12', 2, 'Proin interdum mauris non ligula pellentesque ultrices. Phasellus id sapien in sapien iaculis congue. Vivamus metus arcu, adipiscing molestie, h'),
(107, 50, NULL, '2026-03-27 21:42:08', 7, 'Proin interdum mauris non ligula pellentesque ultrices.'),
(108, 4, NULL, '2026-07-09 14:30:27', 2, 'Integer pede justo, lacinia eget, tincidunt eget, tempus vel, pede. Morbi porttitor lorem id ligula. Suspendisse ornare consequat lectus.'),
(109, 19, NULL, '2026-10-05 15:38:57', 10, 'Curabitur convallis. Duis consequat dui nec nisi volutpat eleifend.'),
(110, 45, NULL, '2026-07-28 20:27:16', 1, 'Vestibulum sed magna at nunc commodo placerat. Praesent blandit.'),
(111, 29, NULL, '2026-05-24 19:56:49', 5, 'Proin interdum mauris non ligula pellentesque ultrices.'),
(112, 47, NULL, '2026-09-27 01:49:20', 1, 'Praesent id massa id nisl venenatis lacinia.'),
(113, 42, NULL, '2026-10-11 08:41:06', 3, 'Morbi vel lectus in quam fringilla rhoncus. Mauris enim leo, rhoncus sed, vestibulum sit amet, cursus id, turpis.'),
(114, 42, NULL, '2025-12-12 03:02:35', 2, 'Duis bibendum. Morbi non quam nec dui luctus rutrum. Nulla tellus.'),
(115, 18, NULL, '2026-09-25 23:00:54', 6, 'Etiam faucibus cursus urna. Ut tellus. Nulla ut erat id mauris vulputate elementum.'),
(116, 22, NULL, '2026-09-08 13:44:50', 6, 'Phasellus in felis. Donec semper sapien a libero. Nam dui.'),
(117, 36, NULL, '2026-11-03 01:26:44', 2, 'Vestibulum ante ipsum primis in faucibus orci luctus et ultrices posuere cubilia Curae; Nulla dapibus dolor vel est. Donec odio justo, sollicitu'),
(118, 33, NULL, '2026-07-23 23:59:00', 3, 'Sed accumsan felis. Ut at dolor quis odio consequat varius.'),
(119, 25, NULL, '2026-04-17 07:50:29', 9, 'Ut at dolor quis odio consequat varius.'),
(120, 26, NULL, '2026-09-20 13:17:02', 7, 'Sed sagittis.'),
(121, 2, NULL, '2026-10-04 20:12:57', 3, 'Vivamus vel nulla eget eros elementum pellentesque. Quisque porta volutpat erat. Quisque erat eros, viverra eget, congue eget, semper rutrum, nu'),
(122, 41, NULL, '2026-03-16 15:15:11', 9, 'Ut tellus.'),
(123, 14, NULL, '2025-12-29 11:36:45', 7, 'In eleifend quam a odio.'),
(124, 8, NULL, '2026-03-13 16:10:40', 1, 'Morbi sem mauris, laoreet ut, rhoncus aliquet, pulvinar sed, nisl. Nunc rhoncus dui vel sem.'),
(125, 16, NULL, '2026-05-16 11:01:42', 7, 'Proin leo odio, porttitor id, consequat in, consequat ut, nulla. Sed accumsan felis. Ut at dolor quis odio consequat varius.'),
(126, 3, NULL, '2026-08-27 21:08:23', 9, 'Etiam vel augue. Vestibulum rutrum rutrum neque.'),
(127, 17, NULL, '2026-08-27 07:09:21', 2, 'In hac habitasse platea dictumst. Morbi vestibulum, velit id pretium iaculis, diam erat fermentum justo, nec condimentum neque sapien placerat a'),
(128, 29, NULL, '2026-02-05 08:15:15', 10, 'Aliquam sit amet diam in magna bibendum imperdiet. Nullam orci pede, venenatis non, sodales sed, tincidunt eu, felis.'),
(129, 12, NULL, '2026-05-10 07:52:10', 8, 'Etiam pretium iaculis justo. In hac habitasse platea dictumst. Etiam faucibus cursus urna.'),
(130, 35, NULL, '2026-07-15 10:55:23', 3, 'Nunc purus.'),
(131, 41, NULL, '2026-06-26 20:00:34', 9, 'In eleifend quam a odio. In hac habitasse platea dictumst. Maecenas ut massa quis augue luctus tincidunt.'),
(132, 8, NULL, '2026-07-09 12:15:05', 7, 'Aliquam erat volutpat. In congue.'),
(133, 30, NULL, '2026-07-02 19:18:42', 6, 'Ut tellus. Nulla ut erat id mauris vulputate elementum.'),
(134, 42, NULL, '2026-01-24 02:37:46', 8, 'Aliquam quis turpis eget elit sodales scelerisque. Mauris sit amet eros. Suspendisse accumsan tortor quis turpis.'),
(135, 24, NULL, '2026-03-14 01:28:24', 7, 'Duis aliquam convallis nunc.'),
(136, 13, NULL, '2026-03-04 04:22:59', 4, 'Vivamus tortor.'),
(137, 36, NULL, '2026-03-17 21:27:39', 1, 'Curabitur gravida nisi at nibh.'),
(138, 47, NULL, '2026-11-18 10:38:59', 5, 'Vestibulum ante ipsum primis in faucibus orci luctus et ultrices posuere cubilia Curae; Donec pharetra, magna vestibulum aliquet ultrices, erat '),
(139, 27, NULL, '2026-09-07 03:20:22', 3, 'In tempor, turpis nec euismod scelerisque, quam turpis adipiscing lorem, vitae mattis nibh ligula nec sem.'),
(140, 33, NULL, '2026-10-24 09:55:28', 1, 'Nulla ut erat id mauris vulputate elementum.'),
(141, 15, NULL, '2025-12-23 10:50:14', 9, 'Aenean auctor gravida sem. Praesent id massa id nisl venenatis lacinia.'),
(142, 20, NULL, '2026-02-18 09:49:19', 8, 'Integer non velit.'),
(143, 24, NULL, '2026-05-21 13:41:06', 7, 'Aliquam sit amet diam in magna bibendum imperdiet. Nullam orci pede, venenatis non, sodales sed, tincidunt eu, felis. Fusce posuere felis sed la'),
(144, 30, NULL, '2026-06-14 18:25:39', 8, 'Fusce congue, diam id ornare imperdiet, sapien urna pretium nisl, ut volutpat sapien arcu sed augue. Aliquam erat volutpat. In congue.'),
(145, 1, NULL, '2026-04-28 01:00:38', 2, 'Cras non velit nec nisi vulputate nonummy. Maecenas tincidunt lacus at velit.'),
(146, 13, NULL, '2026-06-18 19:02:48', 8, 'Morbi a ipsum. Integer a nibh. In quis justo.'),
(147, 38, NULL, '2026-06-01 08:57:06', 8, 'Phasellus id sapien in sapien iaculis congue. Vivamus metus arcu, adipiscing molestie, hendrerit at, vulputate vitae, nisl.'),
(148, 45, NULL, '2026-10-31 19:38:23', 8, 'Duis bibendum, felis sed interdum venenatis, turpis enim blandit mi, in porttitor pede justo eu massa. Donec dapibus.'),
(149, 15, NULL, '2026-09-29 07:04:37', 4, 'Lorem ipsum dolor sit amet, consectetuer adipiscing elit. Proin interdum mauris non ligula pellentesque ultrices. Phasellus id sapien in sapien '),
(150, 23, NULL, '2026-02-23 05:43:09', 5, 'Nulla mollis molestie lorem. Quisque ut erat. Curabitur gravida nisi at nibh.'),
(151, 28, NULL, '2026-05-16 21:57:52', 10, 'Ut tellus. Nulla ut erat id mauris vulputate elementum.'),
(152, 9, NULL, '2026-03-04 19:50:13', 4, 'Morbi quis tortor id nulla ultrices aliquet. Maecenas leo odio, condimentum id, luctus nec, molestie sed, justo.'),
(153, 1, NULL, '2026-03-23 06:21:50', 4, 'Nulla ut erat id mauris vulputate elementum. Nullam varius.'),
(154, 43, NULL, '2026-07-08 22:35:03', 3, 'Vestibulum rutrum rutrum neque. Aenean auctor gravida sem.'),
(155, 33, NULL, '2026-08-20 21:36:45', 2, 'Sed ante. Vivamus tortor.'),
(156, 36, NULL, '2026-10-14 01:09:55', 3, 'Aenean sit amet justo. Morbi ut odio. Cras mi pede, malesuada in, imperdiet et, commodo vulputate, justo.'),
(157, 2, NULL, '2026-08-14 22:24:13', 4, 'Nulla suscipit ligula in lacus. Curabitur at ipsum ac tellus semper interdum.'),
(158, 1, NULL, '2026-04-26 22:48:57', 3, 'Maecenas tristique, est et tempus semper, est quam pharetra magna, ac consequat metus sapien ut nunc. Vestibulum ante ipsum primis in faucibus o'),
(159, 45, NULL, '2026-04-03 02:59:20', 10, 'Donec ut mauris eget massa tempor convallis. Nulla neque libero, convallis eget, eleifend luctus, ultricies eu, nibh. Quisque id justo sit amet '),
(160, 14, NULL, '2026-01-11 04:45:19', 10, 'Pellentesque viverra pede ac diam. Cras pellentesque volutpat dui.'),
(161, 25, NULL, '2026-07-27 15:49:25', 4, 'Maecenas tristique, est et tempus semper, est quam pharetra magna, ac consequat metus sapien ut nunc.'),
(162, 16, NULL, '2026-04-02 01:46:55', 1, 'Vestibulum ac est lacinia nisi venenatis tristique. Fusce congue, diam id ornare imperdiet, sapien urna pretium nisl, ut volutpat sapien arcu se'),
(163, 18, NULL, '2026-06-12 19:55:15', 9, 'Phasellus in felis. Donec semper sapien a libero. Nam dui.'),
(164, 32, NULL, '2026-06-29 23:26:14', 5, 'Nam nulla.'),
(165, 3, NULL, '2026-04-21 12:32:57', 6, 'Fusce congue, diam id ornare imperdiet, sapien urna pretium nisl, ut volutpat sapien arcu sed augue. Aliquam erat volutpat. In congue.'),
(166, 27, NULL, '2026-03-14 15:33:05', 5, 'Phasellus in felis. Donec semper sapien a libero.'),
(167, 21, NULL, '2026-05-04 20:30:09', 4, 'Nunc rhoncus dui vel sem. Sed sagittis. Nam congue, risus semper porta volutpat, quam pede lobortis ligula, sit amet eleifend pede libero quis o'),
(168, 43, NULL, '2026-04-22 01:32:08', 7, 'In tempor, turpis nec euismod scelerisque, quam turpis adipiscing lorem, vitae mattis nibh ligula nec sem. Duis aliquam convallis nunc. Proin at'),
(169, 44, NULL, '2026-03-02 12:57:29', 4, 'Proin leo odio, porttitor id, consequat in, consequat ut, nulla. Sed accumsan felis.'),
(170, 22, NULL, '2026-09-23 13:18:41', 4, 'In quis justo. Maecenas rhoncus aliquam lacus. Morbi quis tortor id nulla ultrices aliquet.'),
(171, 44, NULL, '2026-10-30 22:49:38', 8, 'Sed ante.'),
(172, 11, NULL, '2026-12-10 03:28:27', 7, 'Maecenas leo odio, condimentum id, luctus nec, molestie sed, justo.'),
(173, 42, NULL, '2026-05-21 04:16:43', 5, 'Nam nulla. Integer pede justo, lacinia eget, tincidunt eget, tempus vel, pede.'),
(174, 15, NULL, '2026-05-25 16:57:12', 2, 'Nulla facilisi. Cras non velit nec nisi vulputate nonummy.'),
(175, 6, NULL, '2026-04-20 23:26:02', 7, 'Vivamus tortor. Duis mattis egestas metus. Aenean fermentum.'),
(176, 20, NULL, '2026-01-01 04:19:45', 9, 'Aenean lectus. Pellentesque eget nunc. Donec quis orci eget orci vehicula condimentum.'),
(177, 4, NULL, '2026-05-01 06:13:16', 10, 'Fusce posuere felis sed lacus. Morbi sem mauris, laoreet ut, rhoncus aliquet, pulvinar sed, nisl.'),
(178, 41, NULL, '2026-05-22 11:17:54', 4, 'Donec posuere metus vitae ipsum. Aliquam non mauris.'),
(179, 46, NULL, '2026-02-17 06:10:07', 3, 'Nullam orci pede, venenatis non, sodales sed, tincidunt eu, felis. Fusce posuere felis sed lacus. Morbi sem mauris, laoreet ut, rhoncus aliquet,'),
(180, 33, NULL, '2026-03-02 18:07:15', 2, 'Nunc nisl. Duis bibendum, felis sed interdum venenatis, turpis enim blandit mi, in porttitor pede justo eu massa. Donec dapibus.'),
(181, 10, NULL, '2026-10-28 01:55:32', 6, 'In eleifend quam a odio.'),
(182, 7, NULL, '2026-07-02 16:49:19', 2, 'Mauris lacinia sapien quis libero. Nullam sit amet turpis elementum ligula vehicula consequat. Morbi a ipsum.'),
(183, 43, NULL, '2026-01-21 07:14:47', 8, 'Suspendisse potenti. In eleifend quam a odio.'),
(184, 6, NULL, '2026-11-30 10:36:57', 9, 'Donec semper sapien a libero.'),
(185, 33, NULL, '2026-02-11 14:43:44', 5, 'Proin at turpis a pede posuere nonummy. Integer non velit.'),
(186, 41, NULL, '2026-01-12 18:21:06', 7, 'In congue.'),
(187, 47, NULL, '2026-05-20 04:53:42', 6, 'In hac habitasse platea dictumst. Etiam faucibus cursus urna. Ut tellus.'),
(188, 20, NULL, '2026-02-27 21:52:43', 5, 'Fusce consequat.'),
(189, 3, NULL, '2026-09-30 12:37:49', 6, 'Sed sagittis. Nam congue, risus semper porta volutpat, quam pede lobortis ligula, sit amet eleifend pede libero quis orci.'),
(190, 42, NULL, '2026-04-29 06:29:18', 1, 'Integer non velit. Donec diam neque, vestibulum eget, vulputate ut, ultrices vel, augue. Vestibulum ante ipsum primis in faucibus orci luctus et'),
(191, 3, NULL, '2025-12-25 06:12:52', 5, 'Aliquam sit amet diam in magna bibendum imperdiet. Nullam orci pede, venenatis non, sodales sed, tincidunt eu, felis. Fusce posuere felis sed la'),
(192, 46, NULL, '2025-12-26 03:18:19', 7, 'Duis ac nibh. Fusce lacus purus, aliquet at, feugiat non, pretium quis, lectus.'),
(193, 13, NULL, '2026-08-11 19:27:48', 9, 'Donec dapibus. Duis at velit eu est congue elementum.'),
(194, 1, NULL, '2026-06-29 05:03:52', 4, 'Proin at turpis a pede posuere nonummy. Integer non velit. Donec diam neque, vestibulum eget, vulputate ut, ultrices vel, augue.'),
(195, 30, NULL, '2026-09-30 08:38:12', 3, 'Vivamus vestibulum sagittis sapien. Cum sociis natoque penatibus et magnis dis parturient montes, nascetur ridiculus mus.'),
(196, 23, NULL, '2026-05-17 20:36:38', 4, 'Proin leo odio, porttitor id, consequat in, consequat ut, nulla. Sed accumsan felis.'),
(197, 43, NULL, '2026-05-26 02:07:43', 2, 'Curabitur gravida nisi at nibh. In hac habitasse platea dictumst. Aliquam augue quam, sollicitudin vitae, consectetuer eget, rutrum at, lorem.'),
(198, 39, NULL, '2026-01-04 03:51:30', 10, 'Duis at velit eu est congue elementum. In hac habitasse platea dictumst.'),
(199, 47, NULL, '2026-03-02 10:48:36', 1, 'Praesent blandit lacinia erat. Vestibulum sed magna at nunc commodo placerat.'),
(200, 36, NULL, '2026-06-30 17:26:35', 5, 'Donec vitae nisi. Nam ultrices, libero non mattis pulvinar, nulla pede ullamcorper augue, a suscipit nulla elit ac nulla.'),
(201, 16, NULL, '2026-11-05 00:22:00', 8, 'Donec diam neque, vestibulum eget, vulputate ut, ultrices vel, augue. Vestibulum ante ipsum primis in faucibus orci luctus et ultrices posuere c'),
(202, 27, NULL, '2026-09-27 00:22:14', 3, 'Curabitur in libero ut massa volutpat convallis. Morbi odio odio, elementum eu, interdum eu, tincidunt in, leo. Maecenas pulvinar lobortis est.'),
(203, 32, NULL, '2026-11-02 18:42:09', 5, 'Cras pellentesque volutpat dui.'),
(204, 23, NULL, '2026-11-27 04:14:25', 1, 'Maecenas pulvinar lobortis est.'),
(205, 47, NULL, '2026-12-04 01:29:44', 8, 'Vestibulum ante ipsum primis in faucibus orci luctus et ultrices posuere cubilia Curae; Duis faucibus accumsan odio.'),
(206, 11, NULL, '2026-10-01 18:10:42', 1, 'Vivamus in felis eu sapien cursus vestibulum. Proin eu mi.'),
(207, 16, NULL, '2026-05-25 17:06:56', 2, 'Nulla suscipit ligula in lacus. Curabitur at ipsum ac tellus semper interdum.'),
(208, 26, NULL, '2026-08-11 23:59:45', 9, 'Ut tellus.'),
(209, 41, NULL, '2026-09-07 14:43:28', 8, 'Nullam varius.'),
(210, 39, NULL, '2026-03-01 05:45:38', 4, 'Fusce lacus purus, aliquet at, feugiat non, pretium quis, lectus. Suspendisse potenti.'),
(211, 32, NULL, '2026-09-08 20:49:01', 5, 'Maecenas ut massa quis augue luctus tincidunt.'),
(212, 30, NULL, '2026-08-06 14:15:41', 5, 'Aenean sit amet justo. Morbi ut odio.'),
(213, 12, NULL, '2026-08-18 21:02:37', 2, 'Curabitur at ipsum ac tellus semper interdum.'),
(214, 4, NULL, '2026-10-22 19:58:03', 7, 'Cras non velit nec nisi vulputate nonummy. Maecenas tincidunt lacus at velit.'),
(215, 5, NULL, '2026-01-07 21:30:49', 3, 'Lorem ipsum dolor sit amet, consectetuer adipiscing elit. Proin interdum mauris non ligula pellentesque ultrices.'),
(216, 44, NULL, '2026-10-18 00:35:35', 4, 'Nulla neque libero, convallis eget, eleifend luctus, ultricies eu, nibh. Quisque id justo sit amet sapien dignissim vestibulum.'),
(217, 36, NULL, '2026-01-12 22:15:13', 9, 'Maecenas leo odio, condimentum id, luctus nec, molestie sed, justo.'),
(218, 48, NULL, '2026-11-26 18:38:52', 8, 'Ut at dolor quis odio consequat varius. Integer ac leo. Pellentesque ultrices mattis odio.'),
(219, 5, NULL, '2026-09-17 00:00:32', 4, 'Proin risus.'),
(220, 28, NULL, '2026-05-17 01:09:01', 2, 'Vestibulum ante ipsum primis in faucibus orci luctus et ultrices posuere cubilia Curae; Nulla dapibus dolor vel est. Donec odio justo, sollicitu'),
(221, 24, NULL, '2026-03-23 18:57:21', 9, 'Nulla nisl.'),
(222, 27, NULL, '2026-10-14 08:37:43', 3, 'Curabitur in libero ut massa volutpat convallis. Morbi odio odio, elementum eu, interdum eu, tincidunt in, leo. Maecenas pulvinar lobortis est.'),
(223, 43, NULL, '2026-02-08 04:14:48', 9, 'Proin leo odio, porttitor id, consequat in, consequat ut, nulla. Sed accumsan felis. Ut at dolor quis odio consequat varius.'),
(224, 24, NULL, '2026-08-11 22:02:26', 9, 'Vivamus in felis eu sapien cursus vestibulum. Proin eu mi.'),
(225, 8, NULL, '2026-02-18 16:35:17', 3, 'Curabitur in libero ut massa volutpat convallis. Morbi odio odio, elementum eu, interdum eu, tincidunt in, leo.'),
(226, 32, NULL, '2026-05-15 05:30:05', 6, 'Mauris sit amet eros. Suspendisse accumsan tortor quis turpis. Sed ante.'),
(227, 6, NULL, '2025-12-27 19:01:34', 2, 'Duis aliquam convallis nunc. Proin at turpis a pede posuere nonummy. Integer non velit.'),
(228, 43, NULL, '2026-05-01 01:21:18', 4, 'Praesent blandit.'),
(229, 27, NULL, '2026-04-02 05:34:28', 6, 'Duis mattis egestas metus.'),
(230, 8, NULL, '2026-11-15 15:09:31', 5, 'Morbi sem mauris, laoreet ut, rhoncus aliquet, pulvinar sed, nisl. Nunc rhoncus dui vel sem.'),
(231, 41, NULL, '2026-11-20 05:09:51', 5, 'Morbi porttitor lorem id ligula. Suspendisse ornare consequat lectus.'),
(232, 16, NULL, '2026-03-11 06:47:01', 3, 'Vivamus metus arcu, adipiscing molestie, hendrerit at, vulputate vitae, nisl.'),
(233, 50, NULL, '2025-12-15 10:43:45', 10, 'Pellentesque viverra pede ac diam. Cras pellentesque volutpat dui. Maecenas tristique, est et tempus semper, est quam pharetra magna, ac consequ'),
(234, 11, NULL, '2026-03-29 12:05:03', 3, 'Proin interdum mauris non ligula pellentesque ultrices.'),
(235, 2, NULL, '2026-06-23 21:26:16', 6, 'Morbi ut odio.'),
(236, 44, NULL, '2026-02-13 03:13:08', 7, 'Quisque ut erat. Curabitur gravida nisi at nibh. In hac habitasse platea dictumst.'),
(237, 31, NULL, '2026-10-28 23:22:14', 10, 'Nam nulla. Integer pede justo, lacinia eget, tincidunt eget, tempus vel, pede.'),
(238, 21, NULL, '2026-05-25 02:04:38', 2, 'Duis bibendum. Morbi non quam nec dui luctus rutrum. Nulla tellus.'),
(239, 34, NULL, '2026-01-13 15:25:16', 10, 'In quis justo.'),
(240, 50, NULL, '2026-01-30 18:33:13', 7, 'Nam nulla.'),
(241, 24, NULL, '2026-08-07 05:43:58', 10, 'Cras in purus eu magna vulputate luctus. Cum sociis natoque penatibus et magnis dis parturient montes, nascetur ridiculus mus.'),
(242, 17, NULL, '2026-04-11 17:15:49', 5, 'Donec posuere metus vitae ipsum.'),
(243, 34, NULL, '2026-01-16 02:49:06', 10, 'Donec semper sapien a libero. Nam dui.'),
(244, 48, NULL, '2026-09-28 05:56:41', 3, 'Vivamus vel nulla eget eros elementum pellentesque.'),
(245, 26, NULL, '2026-10-27 13:38:25', 6, 'Aenean sit amet justo.'),
(246, 47, NULL, '2026-08-21 03:44:16', 10, 'Integer ac leo.'),
(247, 11, NULL, '2026-08-10 02:51:35', 1, 'Mauris sit amet eros. Suspendisse accumsan tortor quis turpis.'),
(248, 46, NULL, '2026-07-16 22:08:53', 4, 'Morbi quis tortor id nulla ultrices aliquet.'),
(249, 7, NULL, '2026-05-14 03:27:14', 6, 'Vestibulum quam sapien, varius ut, blandit non, interdum in, ante.'),
(250, 7, NULL, '2026-08-03 22:49:14', 1, 'Pellentesque eget nunc.'),
(251, 20, NULL, '2025-12-21 01:35:06', 1, 'Donec semper sapien a libero.'),
(252, 34, NULL, '2026-10-05 00:53:31', 2, 'Proin eu mi. Nulla ac enim.'),
(253, 23, NULL, '2025-12-23 03:30:52', 6, 'Fusce posuere felis sed lacus.'),
(254, 20, NULL, '2026-08-15 16:23:06', 2, 'Nulla justo.'),
(255, 22, NULL, '2026-09-25 19:47:45', 10, 'Quisque id justo sit amet sapien dignissim vestibulum.'),
(256, 16, NULL, '2025-12-29 19:47:03', 9, 'Sed ante.'),
(257, 21, NULL, '2026-08-19 18:35:24', 9, 'Integer tincidunt ante vel ipsum. Praesent blandit lacinia erat. Vestibulum sed magna at nunc commodo placerat.'),
(258, 17, NULL, '2026-05-30 18:49:56', 5, 'Lorem ipsum dolor sit amet, consectetuer adipiscing elit. Proin interdum mauris non ligula pellentesque ultrices.'),
(259, 27, NULL, '2026-10-31 03:57:20', 7, 'Fusce lacus purus, aliquet at, feugiat non, pretium quis, lectus. Suspendisse potenti. In eleifend quam a odio.'),
(260, 19, NULL, '2026-08-31 08:39:33', 3, 'Integer a nibh.'),
(261, 50, NULL, '2026-03-08 08:36:07', 5, 'Proin risus.'),
(262, 43, NULL, '2026-04-14 23:31:54', 4, 'Aliquam augue quam, sollicitudin vitae, consectetuer eget, rutrum at, lorem. Integer tincidunt ante vel ipsum. Praesent blandit lacinia erat.'),
(263, 26, NULL, '2026-02-11 05:24:14', 8, 'Praesent blandit lacinia erat. Vestibulum sed magna at nunc commodo placerat.'),
(264, 23, NULL, '2026-01-13 23:33:18', 3, 'In eleifend quam a odio. In hac habitasse platea dictumst. Maecenas ut massa quis augue luctus tincidunt.'),
(265, 33, NULL, '2026-10-07 15:37:58', 2, 'Nulla ac enim. In tempor, turpis nec euismod scelerisque, quam turpis adipiscing lorem, vitae mattis nibh ligula nec sem. Duis aliquam convallis'),
(266, 46, NULL, '2026-04-19 04:56:28', 1, 'Vivamus vel nulla eget eros elementum pellentesque. Quisque porta volutpat erat. Quisque erat eros, viverra eget, congue eget, semper rutrum, nu'),
(267, 5, NULL, '2026-04-05 01:44:21', 9, 'Proin risus. Praesent lectus. Vestibulum quam sapien, varius ut, blandit non, interdum in, ante.'),
(268, 43, NULL, '2026-08-08 23:23:12', 2, 'Nam nulla.'),
(269, 41, NULL, '2026-03-12 01:37:10', 1, 'Aenean lectus.'),
(270, 49, NULL, '2025-12-27 08:38:45', 10, 'Praesent id massa id nisl venenatis lacinia. Aenean sit amet justo.'),
(271, 1, NULL, '2026-04-27 10:12:47', 4, 'Praesent id massa id nisl venenatis lacinia.'),
(272, 7, NULL, '2026-04-15 20:03:10', 6, 'Suspendisse ornare consequat lectus.'),
(273, 23, NULL, '2025-12-17 20:42:39', 4, 'Pellentesque viverra pede ac diam. Cras pellentesque volutpat dui. Maecenas tristique, est et tempus semper, est quam pharetra magna, ac consequ'),
(274, 4, NULL, '2026-04-18 10:08:08', 2, 'Morbi sem mauris, laoreet ut, rhoncus aliquet, pulvinar sed, nisl. Nunc rhoncus dui vel sem.'),
(275, 1, NULL, '2026-08-11 09:17:22', 8, 'Sed sagittis. Nam congue, risus semper porta volutpat, quam pede lobortis ligula, sit amet eleifend pede libero quis orci. Nullam molestie nibh '),
(276, 45, NULL, '2026-01-30 22:50:00', 2, 'Nunc rhoncus dui vel sem. Sed sagittis. Nam congue, risus semper porta volutpat, quam pede lobortis ligula, sit amet eleifend pede libero quis o'),
(277, 30, NULL, '2026-11-26 05:28:19', 8, 'Nulla facilisi.'),
(278, 24, NULL, '2026-03-01 13:09:09', 1, 'Vivamus in felis eu sapien cursus vestibulum.'),
(279, 27, NULL, '2026-10-14 05:34:01', 5, 'Nullam molestie nibh in lectus. Pellentesque at nulla. Suspendisse potenti.'),
(280, 36, NULL, '2026-03-16 07:49:01', 8, 'Fusce lacus purus, aliquet at, feugiat non, pretium quis, lectus. Suspendisse potenti. In eleifend quam a odio.'),
(281, 39, NULL, '2026-04-25 10:45:03', 6, 'In hac habitasse platea dictumst. Morbi vestibulum, velit id pretium iaculis, diam erat fermentum justo, nec condimentum neque sapien placerat a'),
(282, 19, NULL, '2026-10-15 06:14:28', 6, 'Vivamus tortor. Duis mattis egestas metus.'),
(283, 37, NULL, '2026-03-12 03:05:28', 8, 'Pellentesque ultrices mattis odio. Donec vitae nisi. Nam ultrices, libero non mattis pulvinar, nulla pede ullamcorper augue, a suscipit nulla el'),
(284, 32, NULL, '2026-11-19 15:24:21', 4, 'Aliquam non mauris. Morbi non lectus.'),
(285, 2, NULL, '2026-07-09 21:05:36', 5, 'Sed accumsan felis.'),
(286, 40, NULL, '2026-05-11 23:27:19', 5, 'Donec ut dolor.'),
(287, 23, NULL, '2026-01-17 20:07:20', 1, 'Cras non velit nec nisi vulputate nonummy. Maecenas tincidunt lacus at velit. Vivamus vel nulla eget eros elementum pellentesque.'),
(288, 13, NULL, '2026-05-01 08:13:48', 4, 'Morbi porttitor lorem id ligula. Suspendisse ornare consequat lectus.'),
(289, 44, NULL, '2026-09-09 03:50:58', 2, 'Integer ac leo. Pellentesque ultrices mattis odio.'),
(290, 17, NULL, '2026-01-22 11:55:42', 7, 'Curabitur convallis.'),
(291, 39, NULL, '2026-03-21 08:52:53', 3, 'Vivamus vel nulla eget eros elementum pellentesque.'),
(292, 31, NULL, '2026-08-13 08:40:28', 5, 'In eleifend quam a odio.'),
(293, 16, NULL, '2026-04-14 04:16:54', 5, 'Aliquam augue quam, sollicitudin vitae, consectetuer eget, rutrum at, lorem. Integer tincidunt ante vel ipsum. Praesent blandit lacinia erat.'),
(294, 28, NULL, '2026-02-19 03:19:06', 9, 'Integer a nibh.'),
(295, 16, NULL, '2026-11-22 12:36:01', 5, 'Mauris lacinia sapien quis libero.'),
(296, 28, NULL, '2026-05-04 07:47:40', 2, 'In hac habitasse platea dictumst. Aliquam augue quam, sollicitudin vitae, consectetuer eget, rutrum at, lorem. Integer tincidunt ante vel ipsum.'),
(297, 48, NULL, '2026-04-08 14:06:42', 7, 'Nulla neque libero, convallis eget, eleifend luctus, ultricies eu, nibh.'),
(298, 16, NULL, '2026-04-17 08:03:58', 9, 'Cum sociis natoque penatibus et magnis dis parturient montes, nascetur ridiculus mus.'),
(299, 9, NULL, '2026-11-02 16:46:52', 3, 'Vestibulum sed magna at nunc commodo placerat. Praesent blandit.'),
(300, 13, NULL, '2026-03-09 15:36:52', 1, 'Praesent id massa id nisl venenatis lacinia.'),
(301, 41, NULL, '2026-04-23 08:18:12', 6, 'In blandit ultrices enim.'),
(302, 33, NULL, '2026-08-19 04:26:34', 3, 'Donec odio justo, sollicitudin ut, suscipit a, feugiat et, eros. Vestibulum ac est lacinia nisi venenatis tristique. Fusce congue, diam id ornar'),
(303, 36, NULL, '2026-02-07 19:48:12', 3, 'Etiam vel augue. Vestibulum rutrum rutrum neque.'),
(304, 1, NULL, '2026-05-03 16:08:48', 6, 'Duis ac nibh.'),
(305, 3, NULL, '2026-01-03 20:56:09', 8, 'Curabitur at ipsum ac tellus semper interdum.'),
(306, 17, NULL, '2026-04-21 15:13:47', 1, 'Morbi quis tortor id nulla ultrices aliquet. Maecenas leo odio, condimentum id, luctus nec, molestie sed, justo.'),
(307, 23, NULL, '2026-11-07 15:20:10', 9, 'Vestibulum rutrum rutrum neque. Aenean auctor gravida sem. Praesent id massa id nisl venenatis lacinia.'),
(308, 18, NULL, '2026-05-28 16:11:25', 7, 'Nullam sit amet turpis elementum ligula vehicula consequat. Morbi a ipsum.'),
(309, 17, NULL, '2026-03-15 17:11:21', 6, 'Nullam sit amet turpis elementum ligula vehicula consequat. Morbi a ipsum.'),
(310, 25, NULL, '2026-03-11 11:05:34', 3, 'Aenean fermentum.'),
(311, 14, NULL, '2026-03-06 08:41:51', 9, 'Suspendisse potenti. In eleifend quam a odio. In hac habitasse platea dictumst.'),
(312, 44, NULL, '2026-03-30 23:49:26', 2, 'In hac habitasse platea dictumst.'),
(313, 8, NULL, '2026-05-13 01:37:27', 7, 'Aliquam sit amet diam in magna bibendum imperdiet. Nullam orci pede, venenatis non, sodales sed, tincidunt eu, felis.'),
(314, 10, NULL, '2026-11-08 02:01:16', 6, 'Duis at velit eu est congue elementum. In hac habitasse platea dictumst. Morbi vestibulum, velit id pretium iaculis, diam erat fermentum justo, '),
(315, 15, NULL, '2026-12-03 20:16:39', 5, 'Praesent lectus. Vestibulum quam sapien, varius ut, blandit non, interdum in, ante.'),
(316, 44, NULL, '2026-11-01 03:32:59', 9, 'Cum sociis natoque penatibus et magnis dis parturient montes, nascetur ridiculus mus.'),
(317, 10, NULL, '2026-10-24 19:13:58', 8, 'In hac habitasse platea dictumst. Aliquam augue quam, sollicitudin vitae, consectetuer eget, rutrum at, lorem.'),
(318, 3, NULL, '2026-10-06 20:54:56', 4, 'Cras pellentesque volutpat dui. Maecenas tristique, est et tempus semper, est quam pharetra magna, ac consequat metus sapien ut nunc.'),
(319, 42, NULL, '2026-02-20 03:10:15', 2, 'Cum sociis natoque penatibus et magnis dis parturient montes, nascetur ridiculus mus. Vivamus vestibulum sagittis sapien. Cum sociis natoque pen'),
(320, 37, NULL, '2026-02-22 00:54:26', 1, 'Aliquam sit amet diam in magna bibendum imperdiet. Nullam orci pede, venenatis non, sodales sed, tincidunt eu, felis.'),
(321, 21, NULL, '2026-02-11 11:51:23', 10, 'Nulla ac enim. In tempor, turpis nec euismod scelerisque, quam turpis adipiscing lorem, vitae mattis nibh ligula nec sem. Duis aliquam convallis'),
(322, 24, NULL, '2026-10-18 00:00:09', 9, 'Nulla justo. Aliquam quis turpis eget elit sodales scelerisque. Mauris sit amet eros.'),
(323, 34, NULL, '2026-01-01 11:57:18', 10, 'In est risus, auctor sed, tristique in, tempus sit amet, sem. Fusce consequat. Nulla nisl.'),
(324, 47, NULL, '2025-12-26 03:59:21', 8, 'In tempor, turpis nec euismod scelerisque, quam turpis adipiscing lorem, vitae mattis nibh ligula nec sem. Duis aliquam convallis nunc.'),
(325, 50, NULL, '2026-09-13 00:34:46', 6, 'Integer ac leo. Pellentesque ultrices mattis odio.'),
(326, 9, NULL, '2026-10-05 14:02:11', 9, 'Donec vitae nisi.'),
(327, 20, NULL, '2026-05-28 10:38:26', 5, 'Praesent lectus. Vestibulum quam sapien, varius ut, blandit non, interdum in, ante. Vestibulum ante ipsum primis in faucibus orci luctus et ultr'),
(328, 27, NULL, '2026-10-25 18:31:23', 5, 'Nunc rhoncus dui vel sem.'),
(329, 41, NULL, '2026-11-26 01:57:59', 7, 'Quisque ut erat. Curabitur gravida nisi at nibh.'),
(330, 36, NULL, '2026-05-20 08:37:01', 1, 'Duis consequat dui nec nisi volutpat eleifend. Donec ut dolor.'),
(331, 12, NULL, '2026-04-29 16:33:53', 4, 'Nulla suscipit ligula in lacus. Curabitur at ipsum ac tellus semper interdum.'),
(332, 15, NULL, '2026-03-12 08:18:07', 6, 'Integer aliquet, massa id lobortis convallis, tortor risus dapibus augue, vel accumsan tellus nisi eu orci. Mauris lacinia sapien quis libero. N'),
(333, 35, NULL, '2026-08-24 16:01:01', 10, 'Fusce posuere felis sed lacus. Morbi sem mauris, laoreet ut, rhoncus aliquet, pulvinar sed, nisl.'),
(334, 45, NULL, '2026-07-09 21:27:42', 8, 'Sed sagittis. Nam congue, risus semper porta volutpat, quam pede lobortis ligula, sit amet eleifend pede libero quis orci.'),
(335, 16, NULL, '2026-01-16 01:17:57', 3, 'In hac habitasse platea dictumst. Etiam faucibus cursus urna.'),
(336, 16, NULL, '2026-05-15 08:39:55', 6, 'In congue. Etiam justo. Etiam pretium iaculis justo.'),
(337, 43, NULL, '2026-02-20 01:33:31', 7, 'Nulla facilisi.'),
(338, 38, NULL, '2026-02-15 12:55:42', 10, 'Pellentesque eget nunc. Donec quis orci eget orci vehicula condimentum. Curabitur in libero ut massa volutpat convallis.'),
(339, 3, NULL, '2026-09-13 03:22:46', 3, 'Vivamus tortor. Duis mattis egestas metus.'),
(340, 1, NULL, '2026-10-24 11:02:22', 2, 'Donec vitae nisi.'),
(341, 33, NULL, '2025-12-11 08:11:59', 7, 'Fusce lacus purus, aliquet at, feugiat non, pretium quis, lectus.'),
(342, 19, NULL, '2026-06-08 22:36:48', 2, 'Mauris sit amet eros.'),
(343, 17, NULL, '2026-08-22 11:35:43', 1, 'In eleifend quam a odio. In hac habitasse platea dictumst. Maecenas ut massa quis augue luctus tincidunt.'),
(344, 34, NULL, '2026-05-13 13:25:47', 6, 'Nam nulla. Integer pede justo, lacinia eget, tincidunt eget, tempus vel, pede.'),
(345, 21, NULL, '2026-10-03 02:03:11', 9, 'Vestibulum ante ipsum primis in faucibus orci luctus et ultrices posuere cubilia Curae; Donec pharetra, magna vestibulum aliquet ultrices, erat '),
(346, 26, NULL, '2026-10-04 14:06:55', 1, 'Donec semper sapien a libero.'),
(347, 44, NULL, '2026-02-08 21:21:29', 2, 'Fusce congue, diam id ornare imperdiet, sapien urna pretium nisl, ut volutpat sapien arcu sed augue.'),
(348, 43, NULL, '2026-07-16 19:37:26', 9, 'Aliquam augue quam, sollicitudin vitae, consectetuer eget, rutrum at, lorem. Integer tincidunt ante vel ipsum. Praesent blandit lacinia erat.'),
(349, 7, NULL, '2026-07-24 19:01:50', 4, 'Maecenas leo odio, condimentum id, luctus nec, molestie sed, justo.'),
(350, 21, NULL, '2026-09-29 04:20:26', 2, 'Ut at dolor quis odio consequat varius. Integer ac leo.'),
(351, 37, NULL, '2026-11-25 14:44:20', 6, 'Integer a nibh.'),
(352, 34, NULL, '2026-07-18 22:49:36', 10, 'Fusce lacus purus, aliquet at, feugiat non, pretium quis, lectus. Suspendisse potenti.'),
(353, 45, NULL, '2026-08-18 22:29:07', 9, 'Curabitur in libero ut massa volutpat convallis.'),
(354, 22, NULL, '2025-12-27 09:37:26', 2, 'In eleifend quam a odio. In hac habitasse platea dictumst. Maecenas ut massa quis augue luctus tincidunt.'),
(355, 31, NULL, '2026-01-30 16:51:33', 4, 'In hac habitasse platea dictumst. Morbi vestibulum, velit id pretium iaculis, diam erat fermentum justo, nec condimentum neque sapien placerat a'),
(356, 16, NULL, '2026-07-14 10:40:30', 4, 'Praesent lectus.'),
(357, 5, NULL, '2026-01-17 04:15:26', 5, 'Vivamus in felis eu sapien cursus vestibulum.'),
(358, 41, NULL, '2026-08-04 13:32:51', 6, 'Cras pellentesque volutpat dui. Maecenas tristique, est et tempus semper, est quam pharetra magna, ac consequat metus sapien ut nunc. Vestibulum'),
(359, 41, NULL, '2026-01-07 15:08:08', 4, 'Vestibulum sed magna at nunc commodo placerat.'),
(360, 33, NULL, '2026-08-17 21:42:08', 10, 'Morbi porttitor lorem id ligula.'),
(361, 30, NULL, '2026-05-15 18:50:07', 10, 'Suspendisse accumsan tortor quis turpis. Sed ante.'),
(362, 5, NULL, '2026-11-06 12:36:17', 2, 'Duis ac nibh. Fusce lacus purus, aliquet at, feugiat non, pretium quis, lectus.'),
(363, 31, NULL, '2026-01-23 20:05:57', 6, 'Sed accumsan felis.'),
(364, 17, NULL, '2026-03-15 19:29:48', 7, 'Aenean auctor gravida sem. Praesent id massa id nisl venenatis lacinia.'),
(365, 36, NULL, '2026-10-24 20:50:23', 10, 'Sed vel enim sit amet nunc viverra dapibus. Nulla suscipit ligula in lacus. Curabitur at ipsum ac tellus semper interdum.'),
(366, 44, NULL, '2026-02-24 22:06:58', 3, 'Vivamus in felis eu sapien cursus vestibulum. Proin eu mi. Nulla ac enim.'),
(367, 7, NULL, '2026-06-05 21:53:03', 9, 'Pellentesque at nulla.'),
(368, 6, NULL, '2026-12-09 17:04:31', 3, 'Cum sociis natoque penatibus et magnis dis parturient montes, nascetur ridiculus mus. Etiam vel augue. Vestibulum rutrum rutrum neque.'),
(369, 35, NULL, '2026-03-15 16:13:06', 9, 'Etiam justo. Etiam pretium iaculis justo. In hac habitasse platea dictumst.'),
(370, 42, NULL, '2026-09-17 01:45:15', 7, 'Vestibulum ante ipsum primis in faucibus orci luctus et ultrices posuere cubilia Curae; Mauris viverra diam vitae quam. Suspendisse potenti.'),
(371, 36, NULL, '2026-03-31 04:39:31', 5, 'Cum sociis natoque penatibus et magnis dis parturient montes, nascetur ridiculus mus. Etiam vel augue.'),
(372, 17, NULL, '2026-07-01 06:35:25', 10, 'Curabitur in libero ut massa volutpat convallis.'),
(373, 6, NULL, '2026-03-09 12:19:09', 8, 'Nulla justo.'),
(374, 9, NULL, '2026-09-13 04:26:35', 8, 'Phasellus id sapien in sapien iaculis congue. Vivamus metus arcu, adipiscing molestie, hendrerit at, vulputate vitae, nisl. Aenean lectus.'),
(375, 32, NULL, '2026-05-07 05:42:39', 7, 'Morbi porttitor lorem id ligula. Suspendisse ornare consequat lectus.'),
(376, 32, NULL, '2026-11-21 19:53:39', 4, 'Maecenas tristique, est et tempus semper, est quam pharetra magna, ac consequat metus sapien ut nunc. Vestibulum ante ipsum primis in faucibus o'),
(377, 43, NULL, '2026-05-24 11:15:45', 1, 'Suspendisse accumsan tortor quis turpis. Sed ante. Vivamus tortor.'),
(378, 3, NULL, '2026-02-06 04:24:26', 7, 'Curabitur gravida nisi at nibh.'),
(379, 18, NULL, '2026-09-26 11:51:53', 10, 'Donec ut dolor. Morbi vel lectus in quam fringilla rhoncus.'),
(380, 9, NULL, '2026-07-10 00:23:21', 4, 'In hac habitasse platea dictumst. Morbi vestibulum, velit id pretium iaculis, diam erat fermentum justo, nec condimentum neque sapien placerat a'),
(381, 19, NULL, '2026-09-17 07:52:34', 3, 'Nunc rhoncus dui vel sem. Sed sagittis.'),
(382, 33, NULL, '2026-07-11 19:48:35', 3, 'Proin at turpis a pede posuere nonummy. Integer non velit.'),
(383, 48, NULL, '2026-07-20 21:09:49', 8, 'In est risus, auctor sed, tristique in, tempus sit amet, sem. Fusce consequat. Nulla nisl.'),
(384, 49, NULL, '2026-07-06 23:17:54', 5, 'Donec vitae nisi.'),
(385, 26, NULL, '2026-07-23 08:16:09', 4, 'Sed ante. Vivamus tortor. Duis mattis egestas metus.'),
(386, 26, NULL, '2026-12-04 23:55:17', 10, 'Integer ac neque. Duis bibendum.'),
(387, 6, NULL, '2026-07-14 10:19:54', 6, 'Etiam pretium iaculis justo. In hac habitasse platea dictumst. Etiam faucibus cursus urna.'),
(388, 42, NULL, '2026-09-06 08:53:47', 4, 'Etiam faucibus cursus urna.'),
(389, 30, NULL, '2026-03-04 14:30:11', 3, 'Morbi quis tortor id nulla ultrices aliquet. Maecenas leo odio, condimentum id, luctus nec, molestie sed, justo. Pellentesque viverra pede ac di'),
(390, 28, NULL, '2026-05-22 22:18:51', 5, 'Nam ultrices, libero non mattis pulvinar, nulla pede ullamcorper augue, a suscipit nulla elit ac nulla.'),
(391, 32, NULL, '2026-05-29 20:49:25', 8, 'Nullam orci pede, venenatis non, sodales sed, tincidunt eu, felis. Fusce posuere felis sed lacus.'),
(392, 48, NULL, '2026-08-20 01:06:22', 9, 'Aliquam erat volutpat.'),
(393, 18, NULL, '2026-05-03 05:20:06', 1, 'In est risus, auctor sed, tristique in, tempus sit amet, sem. Fusce consequat.'),
(394, 15, NULL, '2026-08-27 08:27:42', 3, 'Suspendisse potenti. Cras in purus eu magna vulputate luctus. Cum sociis natoque penatibus et magnis dis parturient montes, nascetur ridiculus m'),
(395, 43, NULL, '2025-12-20 19:21:13', 4, 'Quisque id justo sit amet sapien dignissim vestibulum.'),
(396, 14, NULL, '2026-06-27 16:05:58', 1, 'Morbi vestibulum, velit id pretium iaculis, diam erat fermentum justo, nec condimentum neque sapien placerat ante.'),
(397, 18, NULL, '2026-05-06 13:08:45', 9, 'Integer aliquet, massa id lobortis convallis, tortor risus dapibus augue, vel accumsan tellus nisi eu orci.'),
(398, 48, NULL, '2026-10-26 19:55:20', 9, 'Cum sociis natoque penatibus et magnis dis parturient montes, nascetur ridiculus mus.'),
(399, 3, NULL, '2025-12-24 21:43:32', 8, 'In tempor, turpis nec euismod scelerisque, quam turpis adipiscing lorem, vitae mattis nibh ligula nec sem. Duis aliquam convallis nunc. Proin at'),
(400, 24, NULL, '2025-12-14 18:36:53', 6, 'Praesent id massa id nisl venenatis lacinia. Aenean sit amet justo. Morbi ut odio.'),
(401, 6, NULL, '2026-01-07 15:59:31', 5, 'Morbi vel lectus in quam fringilla rhoncus.'),
(402, 10, NULL, '2026-05-16 03:41:41', 3, 'Sed sagittis. Nam congue, risus semper porta volutpat, quam pede lobortis ligula, sit amet eleifend pede libero quis orci. Nullam molestie nibh '),
(403, 26, NULL, '2026-03-13 16:46:37', 2, 'Maecenas tincidunt lacus at velit. Vivamus vel nulla eget eros elementum pellentesque.'),
(404, 23, NULL, '2026-04-06 01:36:06', 1, 'Integer a nibh.'),
(405, 30, NULL, '2026-04-16 00:00:59', 1, 'Vestibulum ac est lacinia nisi venenatis tristique. Fusce congue, diam id ornare imperdiet, sapien urna pretium nisl, ut volutpat sapien arcu se'),
(406, 34, NULL, '2026-07-21 11:19:02', 3, 'Vestibulum rutrum rutrum neque.'),
(407, 9, NULL, '2026-10-20 01:15:06', 8, 'Nam nulla. Integer pede justo, lacinia eget, tincidunt eget, tempus vel, pede.'),
(408, 13, NULL, '2026-09-20 14:08:44', 10, 'Morbi non lectus.'),
(409, 30, NULL, '2026-11-07 10:28:05', 1, 'Vestibulum ante ipsum primis in faucibus orci luctus et ultrices posuere cubilia Curae; Nulla dapibus dolor vel est.'),
(410, 39, NULL, '2026-12-07 16:05:29', 8, 'Nulla neque libero, convallis eget, eleifend luctus, ultricies eu, nibh. Quisque id justo sit amet sapien dignissim vestibulum. Vestibulum ante '),
(411, 40, NULL, '2026-04-10 00:54:06', 7, 'Duis ac nibh.'),
(412, 43, NULL, '2026-04-17 16:54:07', 9, 'Maecenas tristique, est et tempus semper, est quam pharetra magna, ac consequat metus sapien ut nunc. Vestibulum ante ipsum primis in faucibus o'),
(413, 16, NULL, '2026-05-17 16:07:33', 1, 'Suspendisse potenti. Cras in purus eu magna vulputate luctus.'),
(414, 12, NULL, '2026-05-14 19:32:47', 9, 'Integer tincidunt ante vel ipsum. Praesent blandit lacinia erat. Vestibulum sed magna at nunc commodo placerat.'),
(415, 47, NULL, '2026-07-13 21:16:50', 8, 'Duis consequat dui nec nisi volutpat eleifend. Donec ut dolor.');
INSERT INTO `kommentit` (`kommentti_tunnus`, `postauksen_id`, `ylakommentti_id`, `kommentti_paivamaara`, `kommenttajan_id`, `kommentti_text`) VALUES
(416, 47, NULL, '2025-12-13 16:51:20', 3, 'In hac habitasse platea dictumst. Morbi vestibulum, velit id pretium iaculis, diam erat fermentum justo, nec condimentum neque sapien placerat a'),
(417, 25, NULL, '2026-08-13 17:39:39', 2, 'Morbi sem mauris, laoreet ut, rhoncus aliquet, pulvinar sed, nisl. Nunc rhoncus dui vel sem. Sed sagittis.'),
(418, 50, NULL, '2026-09-14 04:29:16', 5, 'Phasellus sit amet erat.'),
(419, 33, NULL, '2026-01-26 02:51:15', 7, 'Quisque porta volutpat erat.'),
(420, 47, NULL, '2026-10-11 17:53:24', 4, 'Phasellus sit amet erat. Nulla tempus.'),
(421, 31, NULL, '2026-03-26 22:10:51', 2, 'Aenean fermentum.'),
(422, 31, NULL, '2026-06-17 15:18:28', 7, 'Quisque arcu libero, rutrum ac, lobortis vel, dapibus at, diam.'),
(423, 34, NULL, '2026-03-02 09:56:29', 7, 'Morbi quis tortor id nulla ultrices aliquet. Maecenas leo odio, condimentum id, luctus nec, molestie sed, justo.'),
(424, 50, NULL, '2026-05-31 00:06:35', 10, 'Integer a nibh.'),
(425, 10, NULL, '2026-11-27 03:15:13', 6, 'Mauris enim leo, rhoncus sed, vestibulum sit amet, cursus id, turpis. Integer aliquet, massa id lobortis convallis, tortor risus dapibus augue, '),
(426, 32, NULL, '2026-02-06 18:26:59', 3, 'Aliquam sit amet diam in magna bibendum imperdiet. Nullam orci pede, venenatis non, sodales sed, tincidunt eu, felis.'),
(427, 42, NULL, '2026-03-04 15:59:08', 2, 'Proin risus. Praesent lectus. Vestibulum quam sapien, varius ut, blandit non, interdum in, ante.'),
(428, 43, NULL, '2026-02-12 08:03:49', 5, 'Nunc nisl.'),
(429, 23, NULL, '2026-06-30 15:07:02', 6, 'Duis mattis egestas metus. Aenean fermentum.'),
(430, 24, NULL, '2026-04-10 09:25:27', 2, 'Lorem ipsum dolor sit amet, consectetuer adipiscing elit. Proin risus.'),
(431, 19, NULL, '2026-06-06 13:06:46', 5, 'Curabitur in libero ut massa volutpat convallis. Morbi odio odio, elementum eu, interdum eu, tincidunt in, leo. Maecenas pulvinar lobortis est.'),
(432, 26, NULL, '2026-03-11 13:05:01', 6, 'Vestibulum sed magna at nunc commodo placerat. Praesent blandit.'),
(433, 47, NULL, '2026-08-27 02:32:25', 6, 'Mauris enim leo, rhoncus sed, vestibulum sit amet, cursus id, turpis.'),
(434, 49, NULL, '2026-10-05 04:34:08', 4, 'In congue. Etiam justo.'),
(435, 21, NULL, '2026-05-15 13:18:07', 6, 'Duis ac nibh. Fusce lacus purus, aliquet at, feugiat non, pretium quis, lectus. Suspendisse potenti.'),
(436, 13, NULL, '2026-04-12 01:18:22', 1, 'Aliquam non mauris. Morbi non lectus.'),
(437, 8, NULL, '2026-01-17 11:35:39', 8, 'Duis at velit eu est congue elementum. In hac habitasse platea dictumst.'),
(438, 49, NULL, '2025-12-27 20:17:24', 8, 'Sed sagittis.'),
(439, 29, NULL, '2026-11-13 15:25:40', 4, 'Nunc rhoncus dui vel sem. Sed sagittis. Nam congue, risus semper porta volutpat, quam pede lobortis ligula, sit amet eleifend pede libero quis o'),
(440, 31, NULL, '2026-08-17 03:57:09', 1, 'Donec vitae nisi.'),
(441, 34, NULL, '2026-08-01 03:38:52', 1, 'Vestibulum sed magna at nunc commodo placerat. Praesent blandit.'),
(442, 50, NULL, '2026-06-16 14:49:53', 7, 'Nulla tellus. In sagittis dui vel nisl.'),
(443, 47, NULL, '2026-09-18 13:37:34', 8, 'In sagittis dui vel nisl. Duis ac nibh. Fusce lacus purus, aliquet at, feugiat non, pretium quis, lectus.'),
(444, 44, NULL, '2026-08-15 23:19:53', 3, 'Mauris sit amet eros. Suspendisse accumsan tortor quis turpis. Sed ante.'),
(445, 17, NULL, '2026-01-25 02:48:25', 7, 'In est risus, auctor sed, tristique in, tempus sit amet, sem. Fusce consequat.'),
(446, 34, NULL, '2026-05-30 23:05:05', 5, 'In hac habitasse platea dictumst.'),
(447, 28, NULL, '2026-05-29 13:31:07', 3, 'Vestibulum rutrum rutrum neque. Aenean auctor gravida sem. Praesent id massa id nisl venenatis lacinia.'),
(448, 42, NULL, '2026-09-06 20:21:35', 3, 'Nullam molestie nibh in lectus. Pellentesque at nulla. Suspendisse potenti.'),
(449, 31, NULL, '2026-03-16 17:00:12', 4, 'Nulla mollis molestie lorem. Quisque ut erat.'),
(450, 16, NULL, '2026-03-15 07:40:41', 6, 'Maecenas tincidunt lacus at velit. Vivamus vel nulla eget eros elementum pellentesque.'),
(451, 17, NULL, '2026-10-30 17:39:06', 7, 'Morbi vestibulum, velit id pretium iaculis, diam erat fermentum justo, nec condimentum neque sapien placerat ante.'),
(452, 49, NULL, '2026-09-13 00:23:19', 7, 'Nulla ac enim.'),
(453, 32, NULL, '2026-08-25 00:38:43', 7, 'Nam congue, risus semper porta volutpat, quam pede lobortis ligula, sit amet eleifend pede libero quis orci. Nullam molestie nibh in lectus.'),
(454, 24, NULL, '2026-08-31 14:32:55', 5, 'Morbi vel lectus in quam fringilla rhoncus. Mauris enim leo, rhoncus sed, vestibulum sit amet, cursus id, turpis.'),
(455, 47, NULL, '2026-08-07 16:33:21', 4, 'Duis at velit eu est congue elementum. In hac habitasse platea dictumst. Morbi vestibulum, velit id pretium iaculis, diam erat fermentum justo, '),
(456, 16, NULL, '2026-08-22 07:30:42', 2, 'Proin risus. Praesent lectus. Vestibulum quam sapien, varius ut, blandit non, interdum in, ante.'),
(457, 32, NULL, '2026-05-24 04:58:06', 6, 'Cras mi pede, malesuada in, imperdiet et, commodo vulputate, justo. In blandit ultrices enim.'),
(458, 27, NULL, '2026-06-03 21:03:47', 1, 'Phasellus sit amet erat.'),
(459, 47, NULL, '2026-07-30 05:10:16', 5, 'Morbi a ipsum. Integer a nibh.'),
(460, 28, NULL, '2026-12-09 16:39:37', 5, 'Vivamus in felis eu sapien cursus vestibulum.'),
(461, 42, NULL, '2026-03-04 13:10:31', 6, 'Maecenas pulvinar lobortis est. Phasellus sit amet erat. Nulla tempus.'),
(462, 20, NULL, '2026-07-06 06:41:57', 4, 'Mauris lacinia sapien quis libero. Nullam sit amet turpis elementum ligula vehicula consequat. Morbi a ipsum.'),
(463, 31, NULL, '2026-01-31 02:02:39', 1, 'Quisque ut erat.'),
(464, 12, NULL, '2026-01-27 05:41:46', 5, 'Nulla justo. Aliquam quis turpis eget elit sodales scelerisque. Mauris sit amet eros.'),
(465, 2, NULL, '2026-05-31 12:16:53', 5, 'Curabitur at ipsum ac tellus semper interdum. Mauris ullamcorper purus sit amet nulla.'),
(466, 2, NULL, '2026-11-26 04:43:34', 2, 'Proin at turpis a pede posuere nonummy. Integer non velit.'),
(467, 30, NULL, '2026-08-24 09:38:22', 2, 'Curabitur convallis. Duis consequat dui nec nisi volutpat eleifend.'),
(468, 10, NULL, '2026-04-20 08:55:37', 1, 'Aenean auctor gravida sem. Praesent id massa id nisl venenatis lacinia.'),
(469, 15, NULL, '2026-07-29 06:05:39', 5, 'Morbi quis tortor id nulla ultrices aliquet. Maecenas leo odio, condimentum id, luctus nec, molestie sed, justo. Pellentesque viverra pede ac di'),
(470, 48, NULL, '2026-01-14 21:24:16', 6, 'Fusce lacus purus, aliquet at, feugiat non, pretium quis, lectus.'),
(471, 50, NULL, '2026-03-02 19:27:06', 4, 'Nulla tellus.'),
(472, 29, NULL, '2026-08-23 22:26:44', 9, 'Phasellus id sapien in sapien iaculis congue. Vivamus metus arcu, adipiscing molestie, hendrerit at, vulputate vitae, nisl.'),
(473, 8, NULL, '2026-05-08 02:21:09', 3, 'Praesent lectus.'),
(474, 40, NULL, '2026-02-08 14:27:06', 7, 'Pellentesque at nulla. Suspendisse potenti. Cras in purus eu magna vulputate luctus.'),
(475, 18, NULL, '2026-07-29 03:16:03', 10, 'Suspendisse potenti. In eleifend quam a odio.'),
(476, 47, NULL, '2025-12-31 01:24:41', 10, 'In quis justo. Maecenas rhoncus aliquam lacus. Morbi quis tortor id nulla ultrices aliquet.'),
(477, 24, NULL, '2026-09-09 09:42:32', 8, 'Pellentesque ultrices mattis odio. Donec vitae nisi.'),
(478, 17, NULL, '2026-06-15 12:10:39', 2, 'Nam dui. Proin leo odio, porttitor id, consequat in, consequat ut, nulla.'),
(479, 21, NULL, '2026-06-25 09:34:02', 4, 'Cras pellentesque volutpat dui. Maecenas tristique, est et tempus semper, est quam pharetra magna, ac consequat metus sapien ut nunc.'),
(480, 39, NULL, '2026-11-10 07:03:18', 2, 'Cum sociis natoque penatibus et magnis dis parturient montes, nascetur ridiculus mus.'),
(481, 20, NULL, '2025-12-28 08:28:05', 4, 'Suspendisse ornare consequat lectus. In est risus, auctor sed, tristique in, tempus sit amet, sem.'),
(482, 34, NULL, '2026-06-16 11:11:53', 9, 'Nulla facilisi. Cras non velit nec nisi vulputate nonummy. Maecenas tincidunt lacus at velit.'),
(483, 44, NULL, '2026-01-04 22:16:40', 5, 'Nulla ac enim.'),
(484, 19, NULL, '2026-06-27 14:33:14', 4, 'Fusce posuere felis sed lacus.'),
(485, 30, NULL, '2026-08-23 22:01:20', 10, 'Nulla mollis molestie lorem. Quisque ut erat. Curabitur gravida nisi at nibh.'),
(486, 2, NULL, '2026-08-25 17:49:41', 6, 'Sed ante. Vivamus tortor.'),
(487, 21, NULL, '2026-04-29 10:46:58', 1, 'Lorem ipsum dolor sit amet, consectetuer adipiscing elit.'),
(488, 9, NULL, '2026-02-12 09:22:44', 4, 'In hac habitasse platea dictumst. Morbi vestibulum, velit id pretium iaculis, diam erat fermentum justo, nec condimentum neque sapien placerat a'),
(489, 48, NULL, '2026-10-06 03:21:56', 1, 'In tempor, turpis nec euismod scelerisque, quam turpis adipiscing lorem, vitae mattis nibh ligula nec sem. Duis aliquam convallis nunc. Proin at'),
(490, 1, NULL, '2026-08-16 00:46:33', 6, 'Integer ac neque.'),
(491, 12, NULL, '2025-12-17 04:28:02', 3, 'Duis ac nibh. Fusce lacus purus, aliquet at, feugiat non, pretium quis, lectus. Suspendisse potenti.'),
(492, 6, NULL, '2026-04-10 02:54:23', 6, 'Praesent blandit lacinia erat.'),
(493, 50, NULL, '2026-02-06 21:20:26', 10, 'Praesent blandit lacinia erat. Vestibulum sed magna at nunc commodo placerat. Praesent blandit.'),
(494, 41, NULL, '2026-03-24 02:31:50', 5, 'Integer non velit. Donec diam neque, vestibulum eget, vulputate ut, ultrices vel, augue. Vestibulum ante ipsum primis in faucibus orci luctus et'),
(495, 36, NULL, '2026-08-23 04:47:42', 6, 'Aenean auctor gravida sem.'),
(496, 13, NULL, '2026-02-15 17:33:55', 1, 'Nulla neque libero, convallis eget, eleifend luctus, ultricies eu, nibh.'),
(497, 46, NULL, '2026-05-10 13:33:14', 4, 'Aliquam augue quam, sollicitudin vitae, consectetuer eget, rutrum at, lorem. Integer tincidunt ante vel ipsum.'),
(498, 25, NULL, '2025-12-21 04:19:39', 2, 'Aliquam non mauris.'),
(499, 25, NULL, '2026-07-31 10:29:33', 10, 'Vestibulum sed magna at nunc commodo placerat. Praesent blandit.'),
(500, 20, NULL, '2025-12-20 07:15:20', 2, 'Proin at turpis a pede posuere nonummy.');

-- --------------------------------------------------------

--
-- Table structure for table `likes`
--

CREATE TABLE `likes` (
  `like_tunnus` int(11) NOT NULL,
  `postauksen_id` int(11) DEFAULT NULL,
  `kommentti_id` int(11) DEFAULT NULL,
  `kayttajan_id` int(11) NOT NULL
) ENGINE=InnoDB DEFAULT CHARSET=utf8mb4 COLLATE=utf8mb4_general_ci;

--
-- Dumping data for table `likes`
--

INSERT INTO `likes` (`like_tunnus`, `postauksen_id`, `kommentti_id`, `kayttajan_id`) VALUES
(1, 12, NULL, 3),
(2, NULL, 234, 7),
(3, 45, NULL, 2),
(4, NULL, 89, 5),
(5, 23, NULL, 9),
(6, NULL, 456, 1),
(7, 8, NULL, 4),
(8, NULL, 123, 6),
(9, 34, NULL, 8),
(10, NULL, 378, 10),
(11, 17, NULL, 2),
(12, NULL, 291, 3),
(13, 42, NULL, 7),
(14, NULL, 167, 9),
(15, 29, NULL, 5),
(16, NULL, 445, 4),
(17, 6, NULL, 1),
(18, NULL, 88, 8),
(19, 50, NULL, 6),
(20, NULL, 312, 2),
(21, 11, NULL, 10),
(22, NULL, 499, 7),
(23, 38, NULL, 3),
(24, NULL, 156, 5),
(25, 4, NULL, 9),
(26, NULL, 267, 1),
(27, 26, NULL, 4),
(28, NULL, 389, 8),
(29, 19, NULL, 6),
(30, NULL, 423, 10),
(31, 47, NULL, 2),
(32, NULL, 78, 3),
(33, 13, NULL, 7),
(34, NULL, 345, 9),
(35, 31, NULL, 5),
(36, NULL, 198, 4),
(37, 9, NULL, 1),
(38, NULL, 467, 8),
(39, 41, NULL, 6),
(40, NULL, 234, 2),
(41, 22, NULL, 10),
(42, NULL, 112, 7),
(43, 3, NULL, 3),
(44, NULL, 489, 5),
(45, 48, NULL, 9),
(46, NULL, 276, 1),
(47, 16, NULL, 4),
(48, NULL, 356, 8),
(49, 35, NULL, 6),
(50, NULL, 145, 10),
(51, 7, NULL, 2),
(52, NULL, 412, 3),
(53, 44, NULL, 7),
(54, NULL, 223, 9),
(55, 28, NULL, 5),
(56, NULL, 378, 4),
(57, 14, NULL, 1),
(58, NULL, 489, 8),
(59, 39, NULL, 6),
(60, NULL, 167, 2),
(61, 21, NULL, 10),
(62, NULL, 334, 7),
(63, 2, NULL, 3),
(64, NULL, 456, 5),
(65, 49, NULL, 9),
(66, NULL, 189, 1),
(67, 10, NULL, 4),
(68, NULL, 423, 8),
(69, 33, NULL, 6),
(70, NULL, 245, 10),
(71, 18, NULL, 2),
(72, NULL, 367, 3),
(73, 46, NULL, 7),
(74, NULL, 134, 9),
(75, 25, NULL, 5),
(76, NULL, 478, 4),
(77, 5, NULL, 1),
(78, NULL, 289, 8),
(79, 43, NULL, 6),
(80, NULL, 156, 2),
(81, 30, NULL, 10),
(82, NULL, 401, 7),
(83, 15, NULL, 3),
(84, NULL, 267, 5),
(85, 40, NULL, 9),
(86, NULL, 312, 1),
(87, 1, NULL, 4),
(88, NULL, 445, 8),
(89, 36, NULL, 6),
(90, NULL, 178, 10),
(91, 27, NULL, 2),
(92, NULL, 489, 3),
(93, 12, NULL, 7),
(94, NULL, 345, 9),
(95, 50, NULL, 5),
(96, NULL, 223, 4),
(97, 20, NULL, 1),
(98, NULL, 467, 8),
(99, 37, NULL, 6),
(100, NULL, 198, 2),
(101, 8, NULL, 10),
(102, NULL, 389, 7),
(103, 45, NULL, 3),
(104, NULL, 112, 5),
(105, 24, NULL, 9),
(106, NULL, 434, 1),
(107, 11, NULL, 4),
(108, NULL, 256, 8),
(109, 32, NULL, 6),
(110, NULL, 378, 10),
(111, 17, NULL, 2),
(112, NULL, 145, 3),
(113, 48, NULL, 7),
(114, NULL, 489, 9),
(115, 6, NULL, 5),
(116, NULL, 312, 4),
(117, 42, NULL, 1),
(118, NULL, 234, 8),
(119, 29, NULL, 6),
(120, NULL, 167, 2),
(121, 13, NULL, 10),
(122, NULL, 423, 7),
(123, 38, NULL, 3),
(124, NULL, 289, 5),
(125, 4, NULL, 9),
(126, NULL, 356, 1),
(127, 47, NULL, 4),
(128, NULL, 178, 8),
(129, 23, NULL, 6),
(130, NULL, 445, 10),
(131, 9, NULL, 2),
(132, NULL, 267, 3),
(133, 41, NULL, 7),
(134, NULL, 123, 9),
(135, 26, NULL, 5),
(136, NULL, 478, 4),
(137, 19, NULL, 1),
(138, NULL, 334, 8),
(139, 35, NULL, 6),
(140, NULL, 198, 2),
(141, 14, NULL, 10),
(142, NULL, 412, 7),
(143, 44, NULL, 3),
(144, NULL, 245, 5),
(145, 7, NULL, 9),
(146, NULL, 367, 1),
(147, 31, NULL, 4),
(148, NULL, 189, 8),
(149, 22, NULL, 6),
(150, NULL, 456, 10),
(151, 3, NULL, 2),
(152, NULL, 289, 3),
(153, 49, NULL, 7),
(154, NULL, 134, 9),
(155, 16, NULL, 5),
(156, NULL, 401, 4),
(157, 39, NULL, 1),
(158, NULL, 223, 8),
(159, 28, NULL, 6),
(160, NULL, 345, 2),
(161, 10, NULL, 10),
(162, NULL, 467, 7),
(163, 46, NULL, 3),
(164, NULL, 178, 5),
(165, 21, NULL, 9),
(166, NULL, 312, 1),
(167, 2, NULL, 4),
(168, NULL, 434, 8),
(169, 50, NULL, 6),
(170, NULL, 256, 10),
(171, 33, NULL, 2),
(172, NULL, 389, 3),
(173, 18, NULL, 7),
(174, NULL, 145, 9),
(175, 43, NULL, 5),
(176, NULL, 478, 4),
(177, 5, NULL, 1),
(178, NULL, 267, 8),
(179, 40, NULL, 6),
(180, NULL, 198, 2),
(181, 25, NULL, 10),
(182, NULL, 423, 7),
(183, 15, NULL, 3),
(184, NULL, 234, 5),
(185, 36, NULL, 9),
(186, NULL, 356, 1),
(187, 1, NULL, 4),
(188, NULL, 489, 8),
(189, 27, NULL, 6),
(190, NULL, 123, 10),
(191, 12, NULL, 2),
(192, NULL, 378, 3),
(193, 45, NULL, 7),
(194, NULL, 245, 9),
(195, 30, NULL, 5),
(196, NULL, 412, 4),
(197, 20, NULL, 1),
(198, NULL, 167, 8),
(199, 37, NULL, 6),
(200, NULL, 334, 2),
(201, 8, NULL, 10),
(202, NULL, 445, 7),
(203, 48, NULL, 3),
(204, NULL, 189, 5),
(205, 24, NULL, 9),
(206, NULL, 367, 1),
(207, 11, NULL, 4),
(208, NULL, 289, 8),
(209, 32, NULL, 6),
(210, NULL, 456, 10),
(211, 17, NULL, 2),
(212, NULL, 178, 3),
(213, 42, NULL, 7),
(214, NULL, 312, 9),
(215, 6, NULL, 5),
(216, NULL, 434, 4),
(217, 47, NULL, 1),
(218, NULL, 256, 8),
(219, 29, NULL, 6),
(220, NULL, 389, 2),
(221, 13, NULL, 10),
(222, NULL, 145, 7),
(223, 38, NULL, 3),
(224, NULL, 467, 5),
(225, 4, NULL, 9),
(226, NULL, 223, 1),
(227, 41, NULL, 4),
(228, NULL, 378, 8),
(229, 26, NULL, 6),
(230, NULL, 198, 10),
(231, 19, NULL, 2),
(232, NULL, 401, 3),
(233, 35, NULL, 7),
(234, NULL, 267, 9),
(235, 9, NULL, 5),
(236, NULL, 345, 4),
(237, 44, NULL, 1),
(238, NULL, 489, 8),
(239, 14, NULL, 6),
(240, NULL, 234, 2),
(241, 31, NULL, 10),
(242, NULL, 423, 7),
(243, 7, NULL, 3),
(244, NULL, 156, 5),
(245, 49, NULL, 9),
(246, NULL, 312, 1),
(247, 22, NULL, 4),
(248, NULL, 445, 8),
(249, 3, NULL, 6),
(250, NULL, 189, 10),
(251, 46, NULL, 2),
(252, NULL, 356, 3),
(253, 16, NULL, 7),
(254, NULL, 278, 9),
(255, 39, NULL, 5),
(256, NULL, 412, 4),
(257, 28, NULL, 1),
(258, NULL, 167, 8),
(259, 10, NULL, 6),
(260, NULL, 334, 2),
(261, 50, NULL, 10),
(262, NULL, 478, 7),
(263, 21, NULL, 3),
(264, NULL, 245, 5),
(265, 2, NULL, 9),
(266, NULL, 367, 1),
(267, 33, NULL, 4),
(268, NULL, 289, 8),
(269, 18, NULL, 6),
(270, NULL, 456, 10),
(271, 43, NULL, 2),
(272, NULL, 123, 3),
(273, 5, NULL, 7),
(274, NULL, 389, 9),
(275, 40, NULL, 5),
(276, NULL, 198, 4),
(277, 25, NULL, 1),
(278, NULL, 434, 8),
(279, 15, NULL, 6),
(280, NULL, 267, 2),
(281, 36, NULL, 10),
(282, NULL, 378, 7),
(283, 1, NULL, 3),
(284, NULL, 145, 5),
(285, 27, NULL, 9),
(286, NULL, 467, 1),
(287, 12, NULL, 4),
(288, NULL, 312, 8),
(289, 45, NULL, 6),
(290, NULL, 223, 10),
(291, 30, NULL, 2),
(292, NULL, 401, 3),
(293, 20, NULL, 7),
(294, NULL, 256, 9),
(295, 37, NULL, 5),
(296, NULL, 345, 4),
(297, 8, NULL, 1),
(298, NULL, 489, 8),
(299, 48, NULL, 6),
(300, NULL, 178, 2),
(301, 24, NULL, 10),
(302, NULL, 423, 7),
(303, 11, NULL, 3),
(304, NULL, 312, 5),
(305, 32, NULL, 9),
(306, NULL, 445, 1),
(307, 17, NULL, 4),
(308, NULL, 234, 8),
(309, 42, NULL, 6),
(310, NULL, 367, 10),
(311, 6, NULL, 2),
(312, NULL, 189, 3),
(313, 47, NULL, 7),
(314, NULL, 456, 9),
(315, 29, NULL, 5),
(316, NULL, 278, 4),
(317, 13, NULL, 1),
(318, NULL, 398, 8),
(319, 38, NULL, 6),
(320, NULL, 156, 2),
(321, 4, NULL, 10),
(322, NULL, 412, 7),
(323, 41, NULL, 3),
(324, NULL, 267, 5),
(325, 26, NULL, 9),
(326, NULL, 334, 1),
(327, 19, NULL, 4),
(328, NULL, 478, 8),
(329, 35, NULL, 6),
(330, NULL, 198, 10),
(331, 9, NULL, 2),
(332, NULL, 389, 3),
(333, 44, NULL, 7),
(334, NULL, 245, 9),
(335, 14, NULL, 5),
(336, NULL, 367, 4),
(337, 31, NULL, 1),
(338, NULL, 123, 8),
(339, 7, NULL, 6),
(340, NULL, 445, 2),
(341, 49, NULL, 10),
(342, NULL, 289, 7),
(343, 22, NULL, 3),
(344, NULL, 356, 5),
(345, 3, NULL, 9),
(346, NULL, 423, 1),
(347, 46, NULL, 4),
(348, NULL, 178, 8),
(349, 16, NULL, 6),
(350, NULL, 312, 10),
(351, 39, NULL, 2),
(352, NULL, 467, 3),
(353, 28, NULL, 7),
(354, NULL, 234, 9),
(355, 10, NULL, 5),
(356, NULL, 401, 4),
(357, 50, NULL, 1),
(358, NULL, 256, 8),
(359, 21, NULL, 6),
(360, NULL, 345, 2),
(361, 2, NULL, 10),
(362, NULL, 489, 7),
(363, 33, NULL, 3),
(364, NULL, 167, 5),
(365, 18, NULL, 9),
(366, NULL, 378, 1),
(367, 43, NULL, 4),
(368, NULL, 223, 8),
(369, 5, NULL, 6),
(370, NULL, 434, 10),
(371, 40, NULL, 2),
(372, NULL, 189, 3),
(373, 25, NULL, 7),
(374, NULL, 312, 9),
(375, 15, NULL, 5),
(376, NULL, 456, 4),
(377, 36, NULL, 1),
(378, NULL, 278, 8),
(379, 1, NULL, 6),
(380, NULL, 398, 2),
(381, 27, NULL, 10),
(382, NULL, 145, 7),
(383, 12, NULL, 3),
(384, NULL, 467, 5),
(385, 45, NULL, 9),
(386, NULL, 267, 1),
(387, 30, NULL, 4),
(388, NULL, 334, 8),
(389, 20, NULL, 6),
(390, NULL, 412, 10),
(391, 37, NULL, 2),
(392, NULL, 198, 3),
(393, 8, NULL, 7),
(394, NULL, 389, 9),
(395, 48, NULL, 5),
(396, NULL, 245, 4),
(397, 24, NULL, 1),
(398, NULL, 356, 8),
(399, 11, NULL, 6),
(400, NULL, 478, 2),
(401, 32, NULL, 10),
(402, NULL, 123, 7),
(403, 17, NULL, 3),
(404, NULL, 423, 5),
(405, 42, NULL, 9),
(406, NULL, 289, 1),
(407, 6, NULL, 4),
(408, NULL, 367, 8),
(409, 47, NULL, 6),
(410, NULL, 178, 10),
(411, 29, NULL, 2),
(412, NULL, 445, 3),
(413, 13, NULL, 7),
(414, NULL, 234, 9),
(415, 38, NULL, 5),
(416, NULL, 312, 4),
(417, 4, NULL, 1),
(418, NULL, 456, 8),
(419, 41, NULL, 6),
(420, NULL, 189, 2),
(421, 26, NULL, 10),
(422, NULL, 401, 7),
(423, 19, NULL, 3),
(424, NULL, 267, 5),
(425, 35, NULL, 9),
(426, NULL, 334, 1),
(427, 9, NULL, 4),
(428, NULL, 489, 8),
(429, 44, NULL, 6),
(430, NULL, 156, 10),
(431, 14, NULL, 2),
(432, NULL, 378, 3),
(433, 31, NULL, 7),
(434, NULL, 223, 9),
(435, 7, NULL, 5),
(436, NULL, 412, 4),
(437, 49, NULL, 1),
(438, NULL, 278, 8),
(439, 22, NULL, 6),
(440, NULL, 345, 2),
(441, 3, NULL, 10),
(442, NULL, 467, 7),
(443, 46, NULL, 3),
(444, NULL, 198, 5),
(445, 16, NULL, 9),
(446, NULL, 389, 1),
(447, 39, NULL, 4),
(448, NULL, 245, 8),
(449, 28, NULL, 6),
(450, NULL, 423, 10),
(451, 10, NULL, 2),
(452, NULL, 167, 3),
(453, 50, NULL, 7),
(454, NULL, 312, 9),
(455, 21, NULL, 5),
(456, NULL, 434, 4),
(457, 2, NULL, 1),
(458, NULL, 256, 8),
(459, 33, NULL, 6),
(460, NULL, 367, 10),
(461, 18, NULL, 2),
(462, NULL, 189, 3),
(463, 43, NULL, 7),
(464, NULL, 445, 9),
(465, 5, NULL, 5),
(466, NULL, 289, 4),
(467, 40, NULL, 1),
(468, NULL, 356, 8),
(469, 25, NULL, 6),
(470, NULL, 478, 10),
(471, 15, NULL, 2),
(472, NULL, 123, 3),
(473, 36, NULL, 7),
(474, NULL, 401, 9),
(475, 1, NULL, 5),
(476, NULL, 234, 4),
(477, NULL, 169, 1011),
(478, NULL, 169, 29);

-- --------------------------------------------------------

--
-- Table structure for table `postauksen_aihetunnisteet`
--

CREATE TABLE `postauksen_aihetunnisteet` (
  `tunnus` int(11) NOT NULL,
  `aihetunnisteen_id` int(11) NOT NULL,
  `postauksen_id` int(11) DEFAULT NULL,
  `kommentti_id` int(11) DEFAULT NULL
) ENGINE=InnoDB DEFAULT CHARSET=utf8mb4 COLLATE=utf8mb4_general_ci;

--
-- Dumping data for table `postauksen_aihetunnisteet`
--

INSERT INTO `postauksen_aihetunnisteet` (`tunnus`, `aihetunnisteen_id`, `postauksen_id`, `kommentti_id`) VALUES
(1, 23, 15, NULL),
(2, 8, NULL, 187),
(3, 45, 32, NULL),
(4, 12, NULL, 423),
(5, 7, 8, NULL),
(6, 34, NULL, 312),
(7, 19, 44, NULL),
(8, 5, NULL, 89),
(9, 31, 21, NULL),
(10, 27, NULL, 456),
(11, 12, 37, NULL),
(12, 41, NULL, 234),
(13, 48, 5, NULL),
(14, 18, NULL, 378),
(15, 3, 49, NULL),
(16, 50, NULL, 145),
(17, 26, 12, NULL),
(18, 9, NULL, 467),
(19, 39, 28, NULL),
(20, 36, NULL, 298),
(21, 14, 41, NULL),
(22, 22, NULL, 356),
(23, 50, 17, NULL),
(24, 44, NULL, 189),
(25, 6, 34, NULL),
(26, 11, NULL, 423),
(27, 33, 6, NULL),
(28, 47, NULL, 267),
(29, 21, 50, NULL),
(30, 3, NULL, 412),
(31, 42, 23, NULL),
(32, 29, NULL, 178),
(33, 17, 39, NULL),
(34, 16, NULL, 334),
(35, 29, 14, NULL),
(36, 38, NULL, 489),
(37, 8, 30, NULL),
(38, 25, NULL, 223),
(39, 35, 2, NULL),
(40, 49, NULL, 367),
(41, 11, 46, NULL),
(42, 7, NULL, 156),
(43, 46, 19, NULL),
(44, 33, NULL, 445),
(45, 24, 35, NULL),
(46, 20, NULL, 289),
(47, 37, 9, NULL),
(48, 42, NULL, 401),
(49, 2, 47, NULL),
(50, 14, NULL, 234),
(51, 49, 26, NULL),
(52, 31, NULL, 478),
(53, 15, 42, NULL),
(54, 6, NULL, 312),
(55, 28, 11, NULL),
(56, 48, NULL, 198),
(57, 40, 31, NULL),
(58, 23, NULL, 356),
(59, 5, 4, NULL),
(60, 37, NULL, 267),
(61, 20, 48, NULL),
(62, 10, NULL, 423),
(63, 44, 22, NULL),
(64, 45, NULL, 145),
(65, 9, 38, NULL),
(66, 19, NULL, 489),
(67, 32, 13, NULL),
(68, 28, NULL, 334),
(69, 18, 29, NULL),
(70, 50, NULL, 187),
(71, 36, 45, NULL),
(72, 4, NULL, 412),
(73, 13, 18, NULL),
(74, 39, NULL, 256),
(75, 47, 36, NULL),
(76, 13, NULL, 378),
(77, 25, 7, NULL),
(78, 46, NULL, 223),
(79, 1, 50, NULL),
(80, 21, NULL, 467),
(81, 34, 25, NULL),
(82, 35, NULL, 189),
(83, 10, 40, NULL),
(84, 17, NULL, 345),
(85, 43, 16, NULL),
(86, 40, NULL, 434),
(87, 22, 33, NULL),
(88, 2, NULL, 298),
(89, 38, 3, NULL),
(90, 30, NULL, 401),
(91, 16, 43, NULL),
(92, 43, NULL, 167),
(93, 30, 20, NULL),
(94, 15, NULL, 445),
(95, 4, 1, NULL),
(96, 26, NULL, 312),
(97, 27, 27, NULL),
(98, 1, NULL, 356),
(99, 41, 44, NULL),
(100, 32, NULL, 234),
(101, 6, 50, NULL);

-- --------------------------------------------------------

--
-- Table structure for table `postauksen_historia`
--

CREATE TABLE `postauksen_historia` (
  `tunnus` int(11) NOT NULL,
  `postauksen_id` int(11) DEFAULT NULL,
  `kommentti_id` int(11) DEFAULT NULL,
  `tapahtumatyypi` enum('edited','deleted') NOT NULL,
  `tapahtumapaivamaara` timestamp NOT NULL DEFAULT current_timestamp(),
  `edellinen_versio` varchar(144) DEFAULT NULL
) ENGINE=InnoDB DEFAULT CHARSET=utf8mb4 COLLATE=utf8mb4_general_ci;

--
-- Dumping data for table `postauksen_historia`
--

INSERT INTO `postauksen_historia` (`tunnus`, `postauksen_id`, `kommentti_id`, `tapahtumatyypi`, `tapahtumapaivamaara`, `edellinen_versio`) VALUES
(1, 39, NULL, 'deleted', '2026-02-23 12:35:16', 'Previous version 1'),
(2, NULL, 445, 'edited', '2025-10-13 18:08:53', 'Previous version 2'),
(3, NULL, 444, 'edited', '2026-02-28 02:44:40', 'Previous version 3'),
(4, 39, NULL, 'edited', '2025-11-05 21:52:24', 'Previous version 4'),
(5, 50, NULL, 'deleted', '2026-12-19 18:20:39', 'Previous version 5'),
(6, 10, NULL, 'edited', '2026-06-04 22:31:44', 'Previous version 6'),
(7, 50, NULL, 'edited', '2025-05-20 04:56:11', 'Previous version 7'),
(8, 49, NULL, 'edited', '2026-01-09 23:41:21', 'Previous version 8'),
(9, 10, NULL, 'edited', '2026-01-06 08:17:47', 'Previous version 9'),
(10, NULL, 386, 'edited', '2026-03-23 02:25:02', 'Previous version 10'),
(11, 45, NULL, 'deleted', '2025-03-31 01:53:46', 'Previous version 11'),
(12, NULL, 192, 'edited', '2025-06-24 03:28:09', 'Previous version 12'),
(13, NULL, 110, 'edited', '2026-01-06 16:49:54', 'Previous version 13'),
(14, 25, NULL, 'edited', '2026-02-20 19:16:37', 'Previous version 14'),
(15, 45, NULL, 'deleted', '2026-08-07 10:28:46', 'Previous version 15'),
(16, 44, NULL, 'deleted', '2026-03-12 23:11:27', 'Previous version 16'),
(17, NULL, 378, 'deleted', '2026-01-26 01:42:40', 'Previous version 17'),
(18, NULL, 1, 'edited', '2026-08-17 22:08:01', 'Previous version 18'),
(19, NULL, 220, 'deleted', '2026-03-26 07:05:01', 'Previous version 19'),
(20, NULL, 186, 'deleted', '2025-12-04 09:37:18', 'Previous version 20'),
(21, 23, NULL, 'deleted', '2026-09-01 06:41:10', 'Previous version 21'),
(22, 3, NULL, 'edited', '2026-11-04 23:23:11', 'Previous version 22'),
(23, NULL, 12, 'deleted', '2026-11-09 02:23:23', 'Previous version 23'),
(24, 30, NULL, 'deleted', '2025-03-13 07:23:01', 'Previous version 24'),
(25, 18, NULL, 'edited', '2025-10-13 12:42:30', 'Previous version 25'),
(26, 32, NULL, 'edited', '2025-03-02 00:21:34', 'Previous version 26'),
(27, 12, NULL, 'deleted', '2025-08-12 11:52:32', 'Previous version 27'),
(28, 26, NULL, 'edited', '2026-03-17 21:48:18', 'Previous version 28'),
(29, 30, NULL, 'deleted', '2025-09-30 23:48:40', 'Previous version 29'),
(30, 36, NULL, 'deleted', '2025-11-09 00:17:28', 'Previous version 30'),
(31, NULL, 55, 'deleted', '2026-11-04 21:03:27', 'Previous version 31'),
(32, NULL, 303, 'deleted', '2026-01-22 13:25:58', 'Previous version 32'),
(33, 47, NULL, 'edited', '2025-10-15 14:11:15', 'Previous version 33'),
(34, 42, NULL, 'deleted', '2026-01-28 14:09:48', 'Previous version 34'),
(35, NULL, 264, 'deleted', '2025-12-26 19:31:56', 'Previous version 35'),
(36, 10, NULL, 'deleted', '2025-06-30 04:54:22', 'Previous version 36'),
(37, 26, NULL, 'edited', '2025-08-03 03:24:15', 'Previous version 37'),
(38, 28, NULL, 'edited', '2026-11-03 01:04:27', 'Previous version 38'),
(39, 13, NULL, 'deleted', '2025-03-20 12:54:19', 'Previous version 39'),
(40, NULL, 6, 'deleted', '2026-05-31 23:31:13', 'Previous version 40'),
(41, NULL, 240, 'deleted', '2025-06-29 07:53:01', 'Previous version 41'),
(42, 26, NULL, 'deleted', '2025-02-13 17:34:27', 'Previous version 42'),
(43, 15, NULL, 'edited', '2026-05-01 01:59:42', 'Previous version 43'),
(44, NULL, 444, 'edited', '2026-02-15 19:36:06', 'Previous version 44'),
(45, 45, NULL, 'deleted', '2025-09-25 15:35:40', 'Previous version 45'),
(46, 14, NULL, 'edited', '2025-07-05 05:14:23', 'Previous version 46'),
(47, NULL, 233, 'deleted', '2026-06-28 13:31:36', 'Previous version 47'),
(48, NULL, 64, 'edited', '2025-09-18 22:24:58', 'Previous version 48'),
(49, NULL, 320, 'edited', '2026-09-23 22:34:07', 'Previous version 49'),
(50, NULL, 263, 'edited', '2025-06-24 08:56:50', 'Previous version 50'),
(51, NULL, 268, 'edited', '2026-11-01 14:39:54', 'Previous version 51'),
(52, 9, NULL, 'edited', '2026-09-01 18:12:46', 'Previous version 52'),
(53, NULL, 453, 'edited', '2025-01-17 08:15:58', 'Previous version 53'),
(54, 6, NULL, 'deleted', '2025-09-12 11:27:34', 'Previous version 54'),
(55, 47, NULL, 'deleted', '2026-01-13 05:15:01', 'Previous version 55'),
(56, 37, NULL, 'edited', '2025-10-18 04:07:12', 'Previous version 56'),
(57, NULL, 380, 'deleted', '2025-08-01 08:52:50', 'Previous version 57'),
(58, NULL, 131, 'edited', '2025-02-10 19:59:18', 'Previous version 58'),
(59, NULL, 188, 'deleted', '2026-05-24 07:51:05', 'Previous version 59'),
(60, 7, NULL, 'deleted', '2025-02-09 06:12:11', 'Previous version 60'),
(61, NULL, 301, 'edited', '2026-07-16 03:14:56', 'Previous version 61'),
(62, 16, NULL, 'deleted', '2025-03-14 04:25:47', 'Previous version 62'),
(63, NULL, 422, 'edited', '2025-06-28 05:26:58', 'Previous version 63'),
(64, 29, NULL, 'deleted', '2025-12-03 09:25:49', 'Previous version 64'),
(65, NULL, 401, 'edited', '2026-12-17 05:07:34', 'Previous version 65'),
(66, NULL, 232, 'deleted', '2026-03-10 08:37:04', 'Previous version 66'),
(67, NULL, 462, 'deleted', '2025-03-18 08:20:51', 'Previous version 67'),
(68, NULL, 332, 'edited', '2025-11-02 21:18:34', 'Previous version 68'),
(69, NULL, 206, 'edited', '2026-11-18 00:01:32', 'Previous version 69'),
(70, NULL, 465, 'edited', '2026-06-09 17:25:05', 'Previous version 70'),
(71, 5, NULL, 'edited', '2025-02-26 13:21:22', 'Previous version 71'),
(72, NULL, 441, 'deleted', '2026-12-27 02:47:30', 'Previous version 72'),
(73, 43, NULL, 'edited', '2025-03-17 19:53:11', 'Previous version 73'),
(74, NULL, 385, 'deleted', '2025-08-17 01:29:43', 'Previous version 74'),
(75, 35, NULL, 'edited', '2026-02-04 09:08:12', 'Previous version 75'),
(76, 20, NULL, 'edited', '2025-01-17 06:05:20', 'Previous version 76'),
(77, NULL, 294, 'deleted', '2025-09-25 17:43:01', 'Previous version 77'),
(78, 3, NULL, 'edited', '2025-09-27 04:22:18', 'Previous version 78'),
(79, NULL, 50, 'edited', '2025-09-12 03:15:51', 'Previous version 79'),
(80, NULL, 29, 'edited', '2025-03-14 19:25:12', 'Previous version 80'),
(81, NULL, 104, 'deleted', '2025-04-02 04:48:17', 'Previous version 81'),
(82, NULL, 312, 'edited', '2026-12-09 21:00:33', 'Previous version 82'),
(83, 2, NULL, 'deleted', '2026-02-14 00:41:08', 'Previous version 83'),
(84, 35, NULL, 'edited', '2025-06-20 07:32:24', 'Previous version 84'),
(85, NULL, 298, 'edited', '2025-04-11 14:40:27', 'Previous version 85'),
(86, 19, NULL, 'edited', '2026-09-05 14:27:43', 'Previous version 86'),
(87, 13, NULL, 'deleted', '2026-09-07 12:22:37', 'Previous version 87'),
(88, 28, NULL, 'deleted', '2025-07-16 18:41:12', 'Previous version 88'),
(89, NULL, 348, 'deleted', '2025-01-14 07:13:04', 'Previous version 89'),
(90, NULL, 221, 'deleted', '2025-08-15 14:26:20', 'Previous version 90'),
(91, 44, NULL, 'edited', '2025-06-17 20:18:11', 'Previous version 91'),
(92, NULL, 314, 'deleted', '2025-05-13 13:02:17', 'Previous version 92'),
(93, NULL, 110, 'edited', '2025-05-07 19:02:30', 'Previous version 93'),
(94, 33, NULL, 'edited', '2025-03-19 12:46:03', 'Previous version 94'),
(95, 10, NULL, 'deleted', '2026-06-02 07:16:47', 'Previous version 95'),
(96, NULL, 308, 'deleted', '2025-08-12 16:27:27', 'Previous version 96'),
(97, 41, NULL, 'edited', '2026-11-18 01:06:38', 'Previous version 97'),
(98, NULL, 386, 'edited', '2026-12-05 23:43:42', 'Previous version 98'),
(99, NULL, 257, 'edited', '2026-08-28 14:15:30', 'Previous version 99'),
(100, NULL, 397, 'edited', '2026-12-05 10:50:52', 'Previous version 100'),
(101, 2, NULL, 'deleted', '2026-09-26 18:17:19', 'Previous version 101'),
(102, 48, NULL, 'deleted', '2025-12-25 16:27:55', 'Previous version 102'),
(103, 36, NULL, 'edited', '2026-02-01 14:05:10', 'Previous version 103'),
(104, 27, NULL, 'deleted', '2026-04-01 01:13:57', 'Previous version 104'),
(105, NULL, 480, 'deleted', '2026-01-27 08:14:15', 'Previous version 105'),
(106, NULL, 10, 'edited', '2026-12-05 12:06:18', 'Previous version 106'),
(107, NULL, 456, 'edited', '2025-11-01 22:07:30', 'Previous version 107'),
(108, NULL, 346, 'edited', '2025-08-04 18:08:01', 'Previous version 108'),
(109, 43, NULL, 'edited', '2025-03-04 22:48:33', 'Previous version 109'),
(110, 22, NULL, 'edited', '2025-09-02 09:41:02', 'Previous version 110'),
(111, 3, NULL, 'deleted', '2025-10-05 06:15:55', 'Previous version 111'),
(112, NULL, 140, 'deleted', '2025-09-01 02:01:36', 'Previous version 112'),
(113, NULL, 386, 'edited', '2025-08-15 06:01:01', 'Previous version 113'),
(114, 6, NULL, 'edited', '2026-03-10 18:59:54', 'Previous version 114'),
(115, 43, NULL, 'edited', '2025-07-22 17:53:01', 'Previous version 115'),
(116, NULL, 293, 'deleted', '2026-10-05 11:14:18', 'Previous version 116'),
(117, NULL, 177, 'edited', '2025-01-11 06:30:02', 'Previous version 117'),
(118, 26, NULL, 'deleted', '2026-01-31 07:50:27', 'Previous version 118'),
(119, NULL, 463, 'edited', '2025-12-17 15:27:22', 'Previous version 119'),
(120, NULL, 136, 'edited', '2025-12-26 17:37:01', 'Previous version 120'),
(121, 8, NULL, 'deleted', '2025-08-03 13:13:34', 'Previous version 121'),
(122, 42, NULL, 'deleted', '2025-04-02 13:06:48', 'Previous version 122'),
(123, 40, NULL, 'deleted', '2026-05-13 18:33:03', 'Previous version 123'),
(124, NULL, 22, 'deleted', '2025-04-09 07:13:01', 'Previous version 124'),
(125, NULL, 93, 'deleted', '2026-11-01 01:12:46', 'Previous version 125'),
(126, 36, NULL, 'edited', '2025-08-03 16:44:23', 'Previous version 126'),
(127, NULL, 380, 'edited', '2025-08-14 04:43:32', 'Previous version 127'),
(128, NULL, 461, 'deleted', '2025-03-02 21:11:29', 'Previous version 128'),
(129, 41, NULL, 'edited', '2026-09-03 01:51:55', 'Previous version 129'),
(130, NULL, 152, 'deleted', '2026-12-16 21:21:01', 'Previous version 130'),
(131, NULL, 416, 'edited', '2025-05-27 12:21:11', 'Previous version 131'),
(132, NULL, 416, 'deleted', '2025-12-20 10:27:54', 'Previous version 132'),
(133, NULL, 494, 'edited', '2025-01-31 05:29:52', 'Previous version 133'),
(134, NULL, 459, 'edited', '2025-10-18 17:28:25', 'Previous version 134'),
(135, NULL, 137, 'edited', '2025-05-10 21:37:02', 'Previous version 135'),
(136, NULL, 329, 'edited', '2025-07-19 02:31:30', 'Previous version 136'),
(137, 26, NULL, 'edited', '2026-03-08 19:11:53', 'Previous version 137'),
(138, 12, NULL, 'deleted', '2026-09-27 16:03:54', 'Previous version 138'),
(139, 3, NULL, 'edited', '2026-06-18 04:47:36', 'Previous version 139'),
(140, 50, NULL, 'edited', '2026-08-09 17:06:18', 'Previous version 140'),
(141, NULL, 389, 'deleted', '2025-01-15 14:15:16', 'Previous version 141'),
(142, NULL, 185, 'edited', '2025-12-14 14:34:58', 'Previous version 142'),
(143, 21, NULL, 'deleted', '2026-01-08 16:47:54', 'Previous version 143'),
(144, NULL, 17, 'deleted', '2025-06-21 22:23:52', 'Previous version 144'),
(145, NULL, 156, 'edited', '2026-12-12 03:01:39', 'Previous version 145'),
(146, NULL, 133, 'edited', '2025-02-28 21:33:57', 'Previous version 146'),
(147, NULL, 195, 'deleted', '2025-04-23 18:34:47', 'Previous version 147'),
(148, 20, NULL, 'edited', '2025-06-11 13:43:56', 'Previous version 148'),
(149, NULL, 490, 'deleted', '2026-06-16 17:41:26', 'Previous version 149'),
(150, 49, NULL, 'edited', '2025-02-18 14:40:59', 'Previous version 150'),
(151, 17, NULL, 'edited', '2026-09-07 19:48:20', 'Previous version 151'),
(152, 31, NULL, 'edited', '2026-07-28 01:21:02', 'Previous version 152'),
(153, 13, NULL, 'deleted', '2026-08-26 05:05:11', 'Previous version 153'),
(154, NULL, 179, 'edited', '2025-07-24 06:54:56', 'Previous version 154'),
(155, 4, NULL, 'deleted', '2026-04-07 15:54:06', 'Previous version 155'),
(156, NULL, 437, 'deleted', '2025-09-08 21:07:05', 'Previous version 156'),
(157, NULL, 122, 'edited', '2025-08-27 05:43:56', 'Previous version 157'),
(158, NULL, 492, 'edited', '2025-11-30 08:34:33', 'Previous version 158'),
(159, NULL, 171, 'edited', '2026-05-30 01:27:34', 'Previous version 159'),
(160, NULL, 116, 'edited', '2026-07-05 18:52:49', 'Previous version 160'),
(161, 27, NULL, 'deleted', '2026-08-22 23:20:19', 'Previous version 161'),
(162, NULL, 72, 'edited', '2026-11-24 10:56:14', 'Previous version 162'),
(163, NULL, 271, 'edited', '2025-10-29 06:28:51', 'Previous version 163'),
(164, NULL, 492, 'deleted', '2026-09-29 23:58:12', 'Previous version 164'),
(165, 34, NULL, 'deleted', '2026-03-21 07:21:54', 'Previous version 165'),
(166, 18, NULL, 'deleted', '2026-11-25 10:34:29', 'Previous version 166'),
(167, NULL, 444, 'edited', '2026-06-03 21:48:29', 'Previous version 167'),
(168, NULL, 497, 'deleted', '2025-09-29 17:39:58', 'Previous version 168'),
(169, NULL, 496, 'deleted', '2026-04-19 20:43:53', 'Previous version 169'),
(170, 25, NULL, 'deleted', '2026-09-13 06:22:40', 'Previous version 170'),
(171, NULL, 91, 'edited', '2025-03-23 04:36:41', 'Previous version 171'),
(172, 37, NULL, 'edited', '2025-03-16 21:03:35', 'Previous version 172'),
(173, 13, NULL, 'deleted', '2026-01-18 23:11:05', 'Previous version 173'),
(174, NULL, 291, 'edited', '2026-03-10 20:43:28', 'Previous version 174'),
(175, NULL, 243, 'edited', '2026-06-22 19:58:53', 'Previous version 175'),
(176, NULL, 432, 'deleted', '2026-08-07 21:36:14', 'Previous version 176'),
(177, 12, NULL, 'edited', '2025-04-27 15:45:44', 'Previous version 177'),
(178, NULL, 293, 'edited', '2025-05-23 15:18:04', 'Previous version 178'),
(179, NULL, 156, 'edited', '2026-11-07 15:18:12', 'Previous version 179'),
(180, NULL, 70, 'edited', '2025-02-05 10:43:26', 'Previous version 180'),
(181, NULL, 417, 'deleted', '2025-11-28 05:35:17', 'Previous version 181'),
(182, 19, NULL, 'edited', '2025-04-20 00:46:33', 'Previous version 182'),
(183, NULL, 320, 'edited', '2025-06-04 05:54:05', 'Previous version 183'),
(184, 49, NULL, 'edited', '2025-05-12 14:51:22', 'Previous version 184'),
(185, 16, NULL, 'deleted', '2026-11-14 14:01:18', 'Previous version 185'),
(186, NULL, 192, 'deleted', '2026-07-30 15:59:50', 'Previous version 186'),
(187, 5, NULL, 'deleted', '2026-03-06 12:40:20', 'Previous version 187'),
(188, 41, NULL, 'deleted', '2025-02-05 00:53:59', 'Previous version 188'),
(189, 12, NULL, 'deleted', '2025-01-16 11:53:51', 'Previous version 189'),
(190, 1, NULL, 'deleted', '2025-03-11 19:08:44', 'Previous version 190'),
(191, NULL, 87, 'edited', '2026-08-12 00:57:01', 'Previous version 191'),
(192, NULL, 283, 'deleted', '2026-12-12 22:44:28', 'Previous version 192'),
(193, 38, NULL, 'deleted', '2025-01-13 19:58:51', 'Previous version 193'),
(194, NULL, 407, 'edited', '2025-01-29 12:58:47', 'Previous version 194'),
(195, 17, NULL, 'deleted', '2025-03-15 16:17:51', 'Previous version 195'),
(196, NULL, 201, 'edited', '2026-01-31 03:41:30', 'Previous version 196'),
(197, 29, NULL, 'deleted', '2026-03-22 13:43:16', 'Previous version 197'),
(198, NULL, 47, 'edited', '2026-11-21 12:14:51', 'Previous version 198'),
(199, NULL, 425, 'edited', '2025-11-27 15:58:29', 'Previous version 199'),
(200, 35, NULL, 'deleted', '2026-03-06 10:39:32', 'Previous version 200'),
(201, NULL, 238, 'edited', '2025-02-09 20:16:15', 'Previous version 201'),
(202, 19, NULL, 'edited', '2026-01-22 08:28:10', 'Previous version 202'),
(203, 17, NULL, 'edited', '2026-08-25 07:22:17', 'Previous version 203'),
(204, 15, NULL, 'edited', '2026-04-13 05:48:07', 'Previous version 204'),
(205, 3, NULL, 'edited', '2026-04-06 09:54:57', 'Previous version 205'),
(206, 36, NULL, 'deleted', '2026-01-25 11:20:31', 'Previous version 206'),
(207, 3, NULL, 'deleted', '2025-07-01 02:51:51', 'Previous version 207'),
(208, 34, NULL, 'edited', '2025-09-06 23:18:07', 'Previous version 208'),
(209, NULL, 442, 'edited', '2025-12-02 17:40:00', 'Previous version 209'),
(210, 11, NULL, 'edited', '2026-04-29 08:55:34', 'Previous version 210'),
(211, 15, NULL, 'deleted', '2026-01-28 04:05:14', 'Previous version 211'),
(212, NULL, 436, 'edited', '2026-01-28 20:48:37', 'Previous version 212'),
(213, 9, NULL, 'deleted', '2026-03-23 11:41:30', 'Previous version 213'),
(214, NULL, 353, 'edited', '2026-03-18 09:32:21', 'Previous version 214'),
(215, 20, NULL, 'deleted', '2025-01-24 22:24:56', 'Previous version 215'),
(216, 35, NULL, 'deleted', '2026-07-10 13:20:24', 'Previous version 216'),
(217, 27, NULL, 'edited', '2025-04-21 16:49:37', 'Previous version 217'),
(218, NULL, 259, 'edited', '2026-11-02 14:06:49', 'Previous version 218'),
(219, NULL, 82, 'edited', '2025-03-05 23:44:29', 'Previous version 219'),
(220, 38, NULL, 'edited', '2026-08-29 04:07:58', 'Previous version 220'),
(221, NULL, 362, 'deleted', '2025-03-06 22:27:01', 'Previous version 221'),
(222, 1, NULL, 'deleted', '2025-12-31 02:53:33', 'Previous version 222'),
(223, NULL, 82, 'deleted', '2026-06-19 15:25:15', 'Previous version 223'),
(224, NULL, 274, 'deleted', '2026-05-29 01:29:23', 'Previous version 224'),
(225, 39, NULL, 'edited', '2026-08-30 11:56:14', 'Previous version 225'),
(226, 21, NULL, 'deleted', '2025-04-22 02:43:54', 'Previous version 226'),
(227, NULL, 148, 'deleted', '2026-02-27 14:03:00', 'Previous version 227'),
(228, NULL, 226, 'deleted', '2026-03-26 12:16:51', 'Previous version 228'),
(229, NULL, 495, 'edited', '2025-07-19 01:16:26', 'Previous version 229'),
(230, 27, NULL, 'edited', '2026-10-24 23:34:27', 'Previous version 230'),
(231, 28, NULL, 'deleted', '2026-05-09 00:08:53', 'Previous version 231'),
(232, 23, NULL, 'edited', '2025-09-19 13:09:33', 'Previous version 232'),
(233, NULL, 15, 'edited', '2026-01-28 09:19:15', 'Previous version 233'),
(234, NULL, 41, 'edited', '2026-06-22 11:21:54', 'Previous version 234'),
(235, 45, NULL, 'edited', '2025-05-22 15:00:32', 'Previous version 235'),
(236, NULL, 108, 'deleted', '2025-06-27 10:32:14', 'Previous version 236'),
(237, 43, NULL, 'edited', '2025-12-15 21:25:41', 'Previous version 237'),
(238, 49, NULL, 'edited', '2025-11-29 06:24:48', 'Previous version 238'),
(239, NULL, 310, 'edited', '2025-12-16 03:07:54', 'Previous version 239'),
(240, NULL, 454, 'deleted', '2026-11-11 23:03:12', 'Previous version 240'),
(241, 5, NULL, 'deleted', '2025-01-30 00:26:01', 'Previous version 241'),
(242, 15, NULL, 'edited', '2025-12-20 06:50:50', 'Previous version 242'),
(243, 35, NULL, 'edited', '2026-11-11 11:24:19', 'Previous version 243'),
(244, 31, NULL, 'deleted', '2026-01-27 16:49:34', 'Previous version 244'),
(245, 49, NULL, 'edited', '2026-08-06 11:08:06', 'Previous version 245'),
(246, 31, NULL, 'edited', '2025-07-12 12:01:41', 'Previous version 246'),
(247, NULL, 110, 'deleted', '2026-12-15 15:09:54', 'Previous version 247'),
(248, 26, NULL, 'edited', '2025-01-09 01:49:20', 'Previous version 248'),
(249, 42, NULL, 'edited', '2025-01-10 19:56:58', 'Previous version 249'),
(250, NULL, 340, 'deleted', '2025-02-21 11:51:49', 'Previous version 250'),
(251, NULL, 291, 'edited', '2025-09-06 05:20:35', 'Previous version 251'),
(252, 31, NULL, 'edited', '2026-03-07 17:06:39', 'Previous version 252'),
(253, 39, NULL, 'deleted', '2026-10-09 01:58:40', 'Previous version 253'),
(254, 33, NULL, 'deleted', '2026-08-06 10:33:53', 'Previous version 254'),
(255, 44, NULL, 'edited', '2026-02-02 07:19:50', 'Previous version 255'),
(256, NULL, 65, 'edited', '2025-01-29 07:50:42', 'Previous version 256'),
(257, 40, NULL, 'deleted', '2026-10-28 22:44:24', 'Previous version 257'),
(258, 17, NULL, 'deleted', '2026-03-25 15:23:12', 'Previous version 258'),
(259, 9, NULL, 'edited', '2026-12-09 21:35:55', 'Previous version 259'),
(260, NULL, 482, 'edited', '2025-01-04 21:17:16', 'Previous version 260'),
(261, 10, NULL, 'edited', '2026-11-13 13:18:44', 'Previous version 261'),
(262, 24, NULL, 'deleted', '2026-11-11 07:50:38', 'Previous version 262'),
(263, NULL, 228, 'edited', '2026-09-25 13:21:31', 'Previous version 263'),
(264, NULL, 285, 'edited', '2025-08-24 15:21:27', 'Previous version 264'),
(265, NULL, 467, 'edited', '2026-08-05 20:33:34', 'Previous version 265'),
(266, NULL, 331, 'edited', '2026-08-21 11:50:53', 'Previous version 266'),
(267, NULL, 478, 'deleted', '2026-05-08 19:45:30', 'Previous version 267'),
(268, 33, NULL, 'deleted', '2026-07-29 14:07:31', 'Previous version 268'),
(269, NULL, 406, 'edited', '2025-07-26 08:26:49', 'Previous version 269'),
(270, 24, NULL, 'edited', '2025-10-04 12:59:59', 'Previous version 270'),
(271, NULL, 77, 'edited', '2025-04-07 03:48:29', 'Previous version 271'),
(272, NULL, 355, 'edited', '2026-06-21 21:21:17', 'Previous version 272'),
(273, NULL, 350, 'deleted', '2025-09-15 09:08:48', 'Previous version 273'),
(274, NULL, 147, 'deleted', '2026-02-17 12:06:19', 'Previous version 274'),
(275, 33, NULL, 'deleted', '2025-12-19 05:31:05', 'Previous version 275'),
(276, NULL, 375, 'edited', '2026-11-08 04:44:37', 'Previous version 276'),
(277, 14, NULL, 'deleted', '2025-03-12 22:58:06', 'Previous version 277'),
(278, NULL, 451, 'edited', '2025-03-14 23:02:04', 'Previous version 278'),
(279, 40, NULL, 'deleted', '2026-03-20 18:21:16', 'Previous version 279'),
(280, NULL, 293, 'edited', '2025-02-27 12:30:53', 'Previous version 280'),
(281, 15, NULL, 'deleted', '2026-12-31 13:51:54', 'Previous version 281'),
(282, 30, NULL, 'deleted', '2026-07-07 14:24:36', 'Previous version 282'),
(283, NULL, 53, 'deleted', '2026-09-28 05:17:26', 'Previous version 283'),
(284, NULL, 162, 'edited', '2025-07-03 14:56:23', 'Previous version 284'),
(285, NULL, 71, 'edited', '2025-12-31 07:58:16', 'Previous version 285'),
(286, 9, NULL, 'edited', '2026-02-05 19:06:06', 'Previous version 286'),
(287, NULL, 443, 'deleted', '2026-02-04 05:25:14', 'Previous version 287'),
(288, NULL, 473, 'deleted', '2026-01-15 09:03:31', 'Previous version 288'),
(289, 26, NULL, 'deleted', '2026-05-29 13:32:59', 'Previous version 289'),
(290, 40, NULL, 'deleted', '2025-09-30 11:19:37', 'Previous version 290'),
(291, 16, NULL, 'edited', '2025-07-18 21:48:15', 'Previous version 291'),
(292, 16, NULL, 'edited', '2026-04-20 22:39:23', 'Previous version 292'),
(293, NULL, 454, 'deleted', '2026-10-13 06:07:37', 'Previous version 293'),
(294, NULL, 144, 'deleted', '2026-06-21 05:17:38', 'Previous version 294'),
(295, NULL, 487, 'edited', '2025-05-07 11:38:07', 'Previous version 295'),
(296, 37, NULL, 'deleted', '2026-12-09 11:36:04', 'Previous version 296'),
(297, 16, NULL, 'edited', '2026-11-14 02:11:54', 'Previous version 297'),
(298, 7, NULL, 'edited', '2025-10-16 09:13:13', 'Previous version 298'),
(299, 3, NULL, 'edited', '2025-11-26 23:33:54', 'Previous version 299'),
(300, NULL, 438, 'deleted', '2025-02-20 20:13:14', 'Previous version 300');

-- --------------------------------------------------------

--
-- Table structure for table `postaukset`
--

CREATE TABLE `postaukset` (
  `postauksen_tunnus` int(11) NOT NULL,
  `kayttajan_id` int(11) NOT NULL,
  `julkaisupaivamaara` timestamp NOT NULL DEFAULT current_timestamp() ON UPDATE current_timestamp(),
  `nykyinen_postauksenteksti` varchar(144) NOT NULL,
  `viimeisen_muokkauspaivamaara` timestamp NOT NULL DEFAULT current_timestamp() ON UPDATE current_timestamp()
) ENGINE=InnoDB DEFAULT CHARSET=utf8mb4 COLLATE=utf8mb4_general_ci;

--
-- Dumping data for table `postaukset`
--

INSERT INTO `postaukset` (`postauksen_tunnus`, `kayttajan_id`, `julkaisupaivamaara`, `nykyinen_postauksenteksti`, `viimeisen_muokkauspaivamaara`) VALUES
(1, 1, '2025-03-22 02:51:39', 'Praesent id massa id nisl venenatis lacinia. Aenean sit amet justo. Morbi ut odio.', '2025-07-08 07:34:40'),
(2, 6, '2025-06-21 09:17:49', 'Pellentesque eget nunc. Donec quis orci eget orci vehicula condimentum.', '2025-11-13 19:13:02'),
(3, 9, '2025-05-08 06:09:47', 'In tempor, turpis nec euismod scelerisque, quam turpis adipiscing lorem, vitae mattis nibh ligula nec sem.', '2025-10-03 02:54:02'),
(4, 1, '2025-02-22 01:41:19', 'Ut tellus.', '2025-11-15 22:42:23'),
(5, 9, '2025-08-08 09:35:37', 'Morbi ut odio. Cras mi pede, malesuada in, imperdiet et, commodo vulputate, justo. In blandit ultrices enim.', '2025-02-25 14:06:16'),
(6, 5, '2025-07-22 17:02:33', 'Duis bibendum, felis sed interdum venenatis, turpis enim blandit mi, in porttitor pede justo eu massa. Donec dapibus. Duis at velit eu est congu', '2025-04-21 04:25:53'),
(7, 1, '2025-11-13 22:32:12', 'Curabitur in libero ut massa volutpat convallis.', '2025-04-24 07:55:36'),
(8, 9, '2025-05-17 13:09:47', 'Aenean fermentum. Donec ut mauris eget massa tempor convallis. Nulla neque libero, convallis eget, eleifend luctus, ultricies eu, nibh.', '2025-09-17 05:43:11'),
(9, 3, '2025-02-21 21:24:15', 'Mauris lacinia sapien quis libero.', '2025-04-20 10:14:39'),
(10, 4, '2025-08-13 11:54:28', 'Mauris sit amet eros.', '2025-02-20 00:03:00'),
(11, 6, '2025-04-01 01:42:20', 'Integer tincidunt ante vel ipsum. Praesent blandit lacinia erat. Vestibulum sed magna at nunc commodo placerat.', '2025-09-19 02:12:08'),
(12, 2, '2025-03-26 09:09:13', 'Aenean auctor gravida sem. Praesent id massa id nisl venenatis lacinia.', '2025-05-05 17:05:56'),
(13, 5, '2024-12-16 12:13:29', 'Proin leo odio, porttitor id, consequat in, consequat ut, nulla.', '2025-05-19 17:51:11'),
(14, 2, '2025-11-11 12:16:08', 'Morbi non quam nec dui luctus rutrum.', '2025-07-09 06:49:59'),
(15, 10, '2025-08-05 07:44:53', 'Suspendisse potenti.', '2025-08-01 21:31:51'),
(16, 7, '2025-05-02 02:28:32', 'Duis bibendum. Morbi non quam nec dui luctus rutrum.', '2025-10-30 09:06:05'),
(17, 6, '2025-01-16 15:06:50', 'Nulla tellus.', '2025-11-11 20:56:24'),
(18, 3, '2025-11-03 23:13:36', 'Etiam justo.', '2025-11-26 12:39:25'),
(19, 3, '2025-04-03 19:43:49', 'Nam dui. Proin leo odio, porttitor id, consequat in, consequat ut, nulla. Sed accumsan felis.', '2025-05-02 10:16:13'),
(20, 7, '2025-11-06 09:50:13', 'In hac habitasse platea dictumst. Maecenas ut massa quis augue luctus tincidunt.', '2025-06-15 09:30:10'),
(21, 3, '2024-12-20 05:04:41', 'Donec posuere metus vitae ipsum. Aliquam non mauris. Morbi non lectus.', '2025-05-05 00:57:39'),
(22, 4, '2025-10-23 03:05:39', 'Curabitur convallis. Duis consequat dui nec nisi volutpat eleifend.', '2025-02-20 02:16:41'),
(23, 2, '2025-08-16 10:02:05', 'Morbi sem mauris, laoreet ut, rhoncus aliquet, pulvinar sed, nisl. Nunc rhoncus dui vel sem.', '2025-10-16 00:07:43'),
(24, 9, '2025-08-18 01:41:39', 'Phasellus sit amet erat. Nulla tempus.', '2025-02-28 20:44:28'),
(25, 5, '2025-11-29 01:14:47', 'Vestibulum rutrum rutrum neque.', '2024-12-26 22:49:23'),
(26, 9, '2025-06-05 11:47:28', 'Proin at turpis a pede posuere nonummy.', '2025-10-20 19:08:30'),
(27, 5, '2025-03-03 10:05:57', 'Maecenas pulvinar lobortis est. Phasellus sit amet erat. Nulla tempus.', '2025-05-29 10:58:56'),
(28, 10, '2025-02-06 06:42:04', 'Vestibulum ante ipsum primis in faucibus orci luctus et ultrices posuere cubilia Curae; Mauris viverra diam vitae quam. Suspendisse potenti. Nul', '2025-09-26 08:47:00'),
(29, 10, '2025-10-12 16:41:39', 'Pellentesque eget nunc.', '2025-04-20 14:35:44'),
(30, 10, '2025-01-14 16:44:08', 'Sed accumsan felis. Ut at dolor quis odio consequat varius.', '2024-12-23 06:41:08'),
(31, 7, '2025-09-17 21:46:48', 'Phasellus id sapien in sapien iaculis congue.', '2024-12-18 16:25:58'),
(32, 7, '2025-09-28 05:56:09', 'Nam dui. Proin leo odio, porttitor id, consequat in, consequat ut, nulla.', '2025-02-23 08:52:50'),
(33, 9, '2025-05-14 18:59:52', 'Nam nulla. Integer pede justo, lacinia eget, tincidunt eget, tempus vel, pede.', '2025-07-02 15:51:18'),
(34, 3, '2025-10-16 12:27:56', 'Duis at velit eu est congue elementum.', '2025-06-07 16:05:52'),
(35, 3, '2025-07-12 22:15:19', 'Cras in purus eu magna vulputate luctus. Cum sociis natoque penatibus et magnis dis parturient montes, nascetur ridiculus mus.', '2025-03-05 01:38:01'),
(36, 3, '2025-08-03 03:22:09', 'Nulla justo. Aliquam quis turpis eget elit sodales scelerisque. Mauris sit amet eros.', '2025-02-14 14:23:50'),
(37, 10, '2025-01-22 06:13:54', 'Duis bibendum, felis sed interdum venenatis, turpis enim blandit mi, in porttitor pede justo eu massa.', '2025-01-22 01:37:42'),
(38, 4, '2025-03-05 03:40:26', 'Proin eu mi. Nulla ac enim. In tempor, turpis nec euismod scelerisque, quam turpis adipiscing lorem, vitae mattis nibh ligula nec sem.', '2025-02-01 18:47:31'),
(39, 5, '2025-01-25 04:05:50', 'Aliquam sit amet diam in magna bibendum imperdiet. Nullam orci pede, venenatis non, sodales sed, tincidunt eu, felis. Fusce posuere felis sed la', '2025-02-14 12:45:56'),
(40, 1, '2025-05-01 10:41:47', 'Phasellus sit amet erat.', '2025-10-13 10:55:59'),
(41, 5, '2025-01-11 20:23:48', 'Morbi quis tortor id nulla ultrices aliquet. Maecenas leo odio, condimentum id, luctus nec, molestie sed, justo.', '2025-11-06 11:36:21'),
(42, 9, '2025-05-15 18:55:48', 'Ut tellus. Nulla ut erat id mauris vulputate elementum.', '2025-05-13 18:56:46'),
(43, 4, '2025-10-26 11:36:47', 'Suspendisse ornare consequat lectus. In est risus, auctor sed, tristique in, tempus sit amet, sem.', '2025-02-13 18:56:05'),
(44, 10, '2025-02-20 15:05:38', 'Duis bibendum, felis sed interdum venenatis, turpis enim blandit mi, in porttitor pede justo eu massa.', '2025-10-29 04:31:19'),
(45, 5, '2025-06-13 21:57:11', 'Vestibulum quam sapien, varius ut, blandit non, interdum in, ante.', '2025-08-13 10:50:31'),
(46, 2, '2025-05-31 09:10:09', 'Fusce posuere felis sed lacus. Morbi sem mauris, laoreet ut, rhoncus aliquet, pulvinar sed, nisl. Nunc rhoncus dui vel sem.', '2025-02-20 04:52:41'),
(47, 7, '2025-01-14 08:43:52', 'Quisque id justo sit amet sapien dignissim vestibulum.', '2025-11-14 03:38:02'),
(48, 2, '2025-01-30 22:26:33', 'Sed sagittis. Nam congue, risus semper porta volutpat, quam pede lobortis ligula, sit amet eleifend pede libero quis orci. Nullam molestie nibh ', '2025-05-21 15:14:16'),
(49, 8, '2025-03-29 06:12:06', 'Proin at turpis a pede posuere nonummy.', '2025-07-02 12:30:51'),
(50, 9, '2025-05-20 13:27:16', 'Maecenas tincidunt lacus at velit.', '2025-08-18 00:41:17');

-- --------------------------------------------------------

--
-- Table structure for table `seurattavat`
--

CREATE TABLE `seurattavat` (
  `tunnus` int(11) NOT NULL,
  `kayttajan_id` int(11) NOT NULL,
  `seurattava_id` int(11) NOT NULL,
  `seurauksen_alkupaiva` timestamp NOT NULL DEFAULT current_timestamp()
) ENGINE=InnoDB DEFAULT CHARSET=utf8mb4 COLLATE=utf8mb4_general_ci;

--
-- Dumping data for table `seurattavat`
--

INSERT INTO `seurattavat` (`tunnus`, `kayttajan_id`, `seurattava_id`, `seurauksen_alkupaiva`) VALUES
(1, 112, 1009, '2026-01-07 14:55:06'),
(2, 692, 861, '2025-12-13 00:13:25'),
(3, 317, 831, '2026-02-05 00:42:31'),
(4, 666, 161, '2026-03-08 13:40:03'),
(5, 148, 532, '2026-05-16 18:09:57'),
(6, 662, 464, '2026-11-27 06:41:07'),
(7, 92, 436, '2026-08-09 02:51:48'),
(8, 521, 780, '2026-01-18 02:17:06'),
(9, 853, 817, '2026-10-03 14:11:15'),
(10, 819, 477, '2026-02-24 20:51:03'),
(11, 452, 128, '2026-02-09 22:04:16'),
(12, 607, 596, '2026-07-09 04:17:26'),
(13, 840, 912, '2026-04-19 00:32:34'),
(14, 84, 185, '2026-03-27 14:43:01'),
(15, 532, 758, '2026-03-29 18:26:23'),
(16, 89, 974, '2026-06-12 19:35:31'),
(17, 926, 348, '2026-05-07 11:02:39'),
(18, 280, 502, '2026-10-21 01:25:03'),
(19, 707, 642, '2026-08-26 08:31:55'),
(20, 213, 570, '2026-05-02 10:30:58'),
(21, 815, 75, '2026-11-13 08:39:04'),
(22, 283, 929, '2026-02-20 07:52:59'),
(23, 895, 132, '2025-12-21 06:17:10'),
(24, 963, 975, '2026-06-08 06:16:21'),
(25, 432, 138, '2026-09-25 16:23:40'),
(26, 568, 899, '2026-11-02 03:32:00'),
(27, 680, 232, '2026-02-17 17:20:24'),
(28, 226, 132, '2026-10-13 11:56:46'),
(29, 334, 567, '2026-03-09 11:18:52'),
(30, 369, 632, '2026-03-29 13:01:33'),
(31, 303, 112, '2026-10-20 04:36:23'),
(32, 408, 516, '2026-11-25 22:51:25'),
(33, 143, 523, '2026-10-22 19:53:28'),
(34, 614, 357, '2026-11-17 18:42:45'),
(35, 118, 963, '2026-04-16 05:08:08'),
(36, 781, 227, '2026-03-13 13:18:28'),
(37, 80, 703, '2026-01-24 19:16:07'),
(38, 964, 418, '2026-10-21 10:37:40'),
(39, 311, 532, '2026-09-25 17:21:32'),
(40, 892, 382, '2026-07-16 22:47:33'),
(41, 224, 482, '2026-07-14 05:34:10'),
(42, 194, 642, '2026-11-22 19:00:51'),
(43, 75, 756, '2026-09-20 20:16:07'),
(44, 576, 551, '2026-07-03 23:02:40'),
(45, 828, 385, '2026-06-06 02:13:38'),
(46, 527, 663, '2026-10-24 16:36:50'),
(47, 468, 490, '2026-09-20 20:29:00'),
(48, 966, 562, '2026-11-13 02:18:39'),
(49, 621, 501, '2026-01-22 17:57:14'),
(50, 593, 963, '2026-02-24 17:28:00'),
(51, 434, 639, '2026-05-10 17:00:29'),
(52, 463, 1000, '2026-02-13 09:50:42'),
(53, 825, 757, '2026-03-20 11:36:37'),
(54, 578, 973, '2026-06-15 13:02:40'),
(55, 649, 7, '2026-04-25 19:42:42'),
(56, 511, 63, '2026-11-13 21:48:39'),
(57, 525, 942, '2026-06-22 08:10:23'),
(58, 780, 671, '2026-05-28 10:59:45'),
(59, 338, 708, '2026-09-07 15:53:55'),
(60, 1001, 770, '2026-09-22 18:26:11'),
(61, 153, 130, '2026-03-24 03:48:55'),
(62, 541, 784, '2026-09-08 04:10:38'),
(63, 438, 83, '2026-01-31 09:31:55'),
(64, 802, 301, '2026-04-29 09:57:42'),
(65, 707, 465, '2026-11-04 04:03:52'),
(66, 559, 385, '2026-02-21 16:30:28'),
(67, 534, 111, '2025-12-15 15:05:47'),
(68, 660, 915, '2026-06-04 00:50:00'),
(69, 149, 477, '2026-11-15 22:28:47'),
(70, 670, 85, '2026-02-14 00:41:07'),
(71, 870, 782, '2026-08-20 20:16:39'),
(72, 147, 981, '2026-10-17 13:00:19'),
(73, 918, 871, '2026-08-27 14:45:39'),
(74, 678, 898, '2026-08-01 16:19:42'),
(75, 354, 155, '2026-03-12 00:34:56'),
(76, 734, 865, '2026-11-01 18:02:57'),
(77, 623, 153, '2025-12-23 17:43:55'),
(78, 439, 388, '2025-12-22 01:20:19'),
(79, 55, 329, '2026-08-30 05:56:00'),
(80, 902, 360, '2026-04-23 21:44:48'),
(81, 200, 953, '2026-01-06 20:07:07'),
(82, 1005, 521, '2026-07-19 23:13:49'),
(83, 485, 766, '2026-05-19 15:18:29'),
(84, 82, 878, '2026-04-07 23:33:32'),
(85, 477, 919, '2026-10-13 13:58:18'),
(86, 229, 611, '2026-08-15 03:10:51'),
(87, 382, 645, '2026-12-03 10:49:30'),
(88, 344, 547, '2026-08-31 04:17:54'),
(89, 313, 117, '2026-05-03 05:22:10'),
(90, 460, 923, '2026-05-26 17:47:27'),
(91, 313, 719, '2026-04-27 02:29:26'),
(92, 497, 926, '2026-07-30 02:52:49'),
(93, 646, 972, '2026-10-06 11:17:31'),
(94, 507, 269, '2026-06-07 02:59:18'),
(95, 517, 676, '2026-02-02 02:15:33'),
(96, 391, 425, '2026-04-14 21:44:25'),
(97, 762, 291, '2026-02-12 01:49:46'),
(98, 340, 749, '2026-01-31 18:07:46'),
(99, 486, 310, '2026-10-26 12:44:01'),
(100, 4, 894, '2026-08-20 04:20:58'),
(101, 116, 943, '2026-04-26 02:21:14'),
(102, 270, 441, '2026-06-01 18:48:28'),
(103, 159, 54, '2026-09-26 09:27:02'),
(104, 723, 300, '2026-05-18 20:40:59'),
(105, 693, 556, '2026-01-14 18:14:56'),
(106, 912, 272, '2026-10-19 19:01:38'),
(107, 232, 892, '2026-01-25 09:45:14'),
(108, 817, 341, '2026-06-08 17:42:46'),
(109, 184, 158, '2026-04-07 05:36:47'),
(110, 4, 541, '2026-06-01 01:27:04'),
(111, 76, 786, '2025-12-28 02:44:11'),
(112, 742, 33, '2026-05-07 11:09:25'),
(113, 114, 478, '2026-10-16 20:17:27'),
(114, 87, 573, '2026-04-13 11:01:44'),
(115, 312, 92, '2026-07-09 05:48:01'),
(116, 96, 272, '2026-11-13 22:46:55'),
(117, 90, 759, '2026-04-02 12:32:15'),
(118, 44, 840, '2026-07-25 12:36:37'),
(119, 145, 594, '2026-11-29 22:55:09'),
(120, 767, 921, '2026-12-10 01:04:32'),
(121, 129, 107, '2025-12-22 16:43:45'),
(122, 904, 203, '2026-10-31 14:38:32'),
(123, 495, 54, '2026-02-15 10:31:51'),
(124, 421, 675, '2026-11-11 14:55:49'),
(125, 130, 997, '2026-03-02 17:12:10'),
(126, 984, 976, '2026-03-18 19:35:51'),
(127, 911, 418, '2026-02-20 23:38:34'),
(128, 541, 42, '2026-10-18 19:40:47'),
(129, 685, 212, '2026-10-26 10:37:23'),
(130, 388, 833, '2026-08-15 02:02:08'),
(131, 991, 405, '2026-07-25 21:56:28'),
(132, 767, 306, '2026-03-11 09:32:42'),
(133, 788, 323, '2026-03-24 18:26:51'),
(134, 697, 805, '2026-07-01 07:30:02'),
(135, 341, 491, '2026-05-13 14:27:16'),
(136, 1008, 797, '2026-11-30 13:37:15'),
(137, 932, 896, '2026-07-16 12:39:28'),
(138, 487, 133, '2026-10-21 11:51:10'),
(139, 104, 657, '2026-11-10 15:04:11'),
(140, 815, 582, '2026-10-02 15:32:18'),
(141, 75, 518, '2026-10-12 05:24:42'),
(142, 750, 478, '2026-09-10 11:43:16'),
(143, 84, 45, '2026-04-16 12:48:14'),
(144, 511, 13, '2026-11-16 11:07:28'),
(145, 892, 226, '2026-04-26 02:35:13'),
(146, 571, 5, '2026-04-03 18:25:33'),
(147, 983, 846, '2026-09-13 20:43:51'),
(148, 447, 854, '2026-04-15 08:23:21'),
(149, 421, 159, '2026-03-12 04:12:29'),
(150, 580, 382, '2026-11-26 20:04:31'),
(151, 752, 507, '2026-01-29 19:04:22'),
(152, 920, 950, '2026-03-23 20:49:33'),
(153, 648, 182, '2026-04-29 09:35:12'),
(154, 884, 940, '2026-01-16 07:08:12'),
(155, 173, 909, '2026-07-11 14:48:37'),
(156, 975, 462, '2026-05-06 22:18:42'),
(157, 443, 737, '2026-12-10 18:49:18'),
(158, 648, 91, '2026-04-10 02:21:24'),
(159, 209, 398, '2026-12-01 12:27:43'),
(160, 409, 58, '2026-02-03 17:41:25'),
(161, 503, 863, '2026-06-24 04:43:27'),
(162, 210, 419, '2026-06-30 01:33:35'),
(163, 222, 947, '2026-08-06 12:39:36'),
(164, 444, 616, '2026-11-07 15:40:00'),
(165, 21, 46, '2026-11-19 16:15:34'),
(166, 634, 750, '2026-02-20 17:27:07'),
(167, 922, 238, '2026-06-19 05:56:28'),
(168, 215, 43, '2026-03-03 11:42:12'),
(169, 642, 346, '2026-10-15 10:18:23'),
(170, 661, 230, '2026-10-06 00:16:04'),
(171, 531, 733, '2025-12-15 02:57:38'),
(172, 976, 193, '2026-04-15 13:41:33'),
(173, 16, 707, '2026-01-31 05:01:11'),
(174, 437, 409, '2025-12-18 18:15:09'),
(175, 15, 527, '2026-10-22 02:42:38'),
(176, 588, 520, '2026-09-08 18:45:17'),
(177, 680, 501, '2026-06-17 18:53:04'),
(178, 209, 599, '2026-07-23 11:11:20'),
(179, 517, 525, '2026-12-01 16:41:07'),
(180, 662, 660, '2026-04-15 02:21:09'),
(181, 762, 696, '2026-03-29 00:53:10'),
(182, 282, 945, '2026-08-13 08:51:00'),
(183, 716, 534, '2026-11-15 00:12:11'),
(184, 785, 669, '2026-03-05 04:25:11'),
(185, 65, 176, '2026-08-23 01:31:13'),
(186, 127, 17, '2026-06-02 12:40:26'),
(187, 103, 809, '2026-07-19 13:25:00'),
(188, 951, 739, '2026-08-09 07:05:04'),
(189, 374, 223, '2026-06-29 23:21:28'),
(190, 885, 303, '2025-12-26 06:55:41'),
(191, 481, 55, '2026-11-11 08:55:20'),
(192, 836, 221, '2026-03-07 23:06:47'),
(193, 550, 487, '2026-11-12 05:41:48'),
(194, 697, 941, '2026-10-11 19:08:30'),
(195, 576, 581, '2026-08-19 07:41:22'),
(196, 496, 566, '2026-03-08 01:10:45'),
(197, 935, 342, '2026-04-04 13:47:25'),
(198, 852, 86, '2026-09-18 00:16:36'),
(199, 135, 635, '2026-09-24 19:55:33'),
(200, 37, 107, '2026-01-21 01:14:32'),
(201, 808, 87, '2026-09-16 07:26:08'),
(202, 133, 939, '2026-09-07 00:34:46'),
(203, 907, 777, '2026-07-30 11:22:15'),
(204, 255, 880, '2026-05-28 17:13:41'),
(205, 681, 908, '2026-08-17 14:30:34'),
(206, 307, 654, '2026-03-24 19:50:25'),
(207, 105, 917, '2026-10-02 17:37:17'),
(208, 236, 514, '2026-12-02 01:11:12'),
(209, 312, 75, '2026-05-12 14:31:51'),
(210, 746, 731, '2026-11-02 01:00:51'),
(211, 200, 879, '2026-04-09 04:32:23'),
(212, 259, 300, '2026-05-17 13:09:27'),
(213, 439, 884, '2026-08-16 04:43:04'),
(214, 169, 71, '2026-05-06 22:11:42'),
(215, 267, 638, '2026-11-17 09:58:44'),
(216, 199, 966, '2026-09-02 07:11:41'),
(217, 647, 462, '2026-11-04 04:42:42'),
(218, 331, 317, '2026-09-25 12:31:14'),
(219, 827, 819, '2025-12-27 02:39:40'),
(220, 953, 803, '2026-03-31 17:21:41'),
(221, 459, 441, '2025-12-14 10:28:13'),
(222, 987, 15, '2026-09-13 22:47:26'),
(223, 358, 758, '2026-10-25 08:32:02'),
(224, 353, 423, '2026-03-16 06:43:14'),
(225, 697, 656, '2026-08-11 08:15:30'),
(226, 619, 733, '2026-02-06 20:18:00'),
(227, 1010, 495, '2026-11-12 18:12:27'),
(228, 31, 48, '2026-10-20 08:18:49'),
(229, 361, 789, '2025-12-26 17:45:15'),
(230, 878, 634, '2026-06-30 05:23:38'),
(231, 873, 961, '2025-12-22 11:52:42'),
(232, 689, 143, '2026-10-24 11:18:09'),
(233, 916, 860, '2026-10-18 07:24:02'),
(234, 175, 180, '2026-07-05 16:22:47'),
(235, 931, 479, '2026-02-06 12:24:27'),
(236, 744, 581, '2026-07-21 16:13:36'),
(237, 425, 903, '2026-05-11 21:59:42'),
(238, 39, 560, '2026-03-19 18:21:05'),
(239, 820, 139, '2026-04-02 22:46:41'),
(240, 691, 982, '2026-01-11 15:10:44'),
(241, 867, 171, '2026-10-03 03:10:14'),
(242, 588, 837, '2026-09-27 18:19:48'),
(243, 102, 715, '2026-10-06 16:27:02'),
(244, 778, 166, '2026-11-23 12:06:41'),
(245, 947, 702, '2026-03-08 22:45:09'),
(246, 746, 321, '2026-07-29 13:34:03'),
(247, 192, 584, '2026-11-23 09:00:29'),
(248, 391, 382, '2026-05-11 02:39:54'),
(249, 144, 884, '2026-04-15 21:42:55'),
(250, 772, 893, '2026-03-16 15:25:46'),
(251, 970, 494, '2026-10-20 03:46:39'),
(252, 722, 470, '2026-12-08 10:59:43'),
(253, 423, 299, '2026-11-13 18:02:34'),
(254, 820, 25, '2026-07-05 04:14:35'),
(255, 835, 885, '2026-01-06 09:32:19'),
(256, 99, 80, '2026-10-31 05:56:23'),
(257, 530, 7, '2026-11-02 12:45:18'),
(258, 846, 536, '2025-12-18 00:10:50'),
(259, 959, 419, '2026-06-17 18:26:47'),
(260, 671, 731, '2026-02-02 04:58:53'),
(261, 866, 768, '2026-06-22 16:09:26'),
(262, 162, 217, '2026-08-05 12:18:29'),
(263, 794, 56, '2026-10-02 04:59:54'),
(264, 745, 463, '2026-01-23 08:41:51'),
(265, 693, 539, '2026-01-31 21:51:06'),
(266, 101, 781, '2026-11-14 18:06:55'),
(267, 671, 510, '2026-01-07 14:46:33'),
(268, 105, 945, '2026-03-27 11:12:29'),
(269, 476, 155, '2026-02-06 09:28:43'),
(270, 974, 642, '2026-02-03 21:57:08'),
(271, 485, 547, '2026-07-11 22:46:45'),
(272, 394, 848, '2026-01-06 18:40:33'),
(273, 977, 266, '2026-07-09 10:34:30'),
(274, 628, 1006, '2026-06-06 13:07:46'),
(275, 268, 437, '2026-08-03 19:32:54'),
(276, 525, 588, '2026-02-03 16:29:52'),
(277, 696, 100, '2026-02-14 22:03:27'),
(278, 515, 467, '2026-08-04 19:26:30'),
(279, 299, 951, '2026-07-24 10:18:30'),
(280, 272, 355, '2026-11-28 17:13:02'),
(281, 644, 802, '2026-05-27 12:17:23'),
(282, 42, 164, '2026-11-08 00:02:41'),
(283, 894, 827, '2026-07-27 21:01:46'),
(284, 16, 803, '2026-11-09 05:18:24'),
(285, 434, 605, '2026-05-23 19:01:42'),
(286, 222, 334, '2026-03-24 21:20:04'),
(287, 713, 261, '2026-08-05 15:00:25'),
(288, 207, 463, '2026-10-17 18:57:23'),
(289, 49, 124, '2026-07-25 21:58:28'),
(290, 41, 904, '2026-03-03 17:23:03'),
(291, 353, 821, '2026-09-16 12:30:08'),
(292, 512, 216, '2026-09-13 16:22:37'),
(293, 282, 601, '2026-09-23 00:16:10'),
(294, 392, 925, '2026-11-18 23:54:45'),
(295, 866, 284, '2026-03-23 21:21:38'),
(296, 459, 848, '2026-05-24 01:21:30'),
(297, 869, 680, '2026-02-18 18:35:30'),
(298, 842, 186, '2026-08-28 09:25:57'),
(299, 496, 123, '2026-03-03 06:27:51'),
(300, 223, 992, '2026-11-21 06:54:50'),
(309, 1, 50, '2025-12-12 19:44:38'),
(310, 50, 1, '2025-12-12 19:44:38'),
(311, 1009, 112, '2025-12-12 19:46:54');

-- --------------------------------------------------------

--
-- Table structure for table `seuratut_kayttajan_hashtagit`
--

CREATE TABLE `seuratut_kayttajan_hashtagit` (
  `tunnus` int(11) NOT NULL,
  `kayttajan_id` int(11) DEFAULT NULL,
  `aihetunnisteen_id` int(11) DEFAULT NULL
) ENGINE=InnoDB DEFAULT CHARSET=utf8mb4 COLLATE=utf8mb4_general_ci;

--
-- Dumping data for table `seuratut_kayttajan_hashtagit`
--

INSERT INTO `seuratut_kayttajan_hashtagit` (`tunnus`, `kayttajan_id`, `aihetunnisteen_id`) VALUES
(1, 343, 42),
(2, 779, 39),
(3, 846, 4),
(4, 823, 13),
(5, 335, 33),
(6, 703, 49),
(7, 875, 40),
(8, 89, 34),
(9, 756, 13),
(10, 594, 21),
(11, 742, 28),
(12, 842, 35),
(13, 388, 50),
(14, 182, 30),
(15, 807, 11),
(16, 185, 33),
(17, 958, 45),
(18, 331, 6),
(19, 507, 27),
(20, 860, 32),
(21, 436, 13),
(22, 431, 41),
(23, 93, 7),
(24, 447, 39),
(25, 930, 3),
(26, 868, 2),
(27, 61, 27),
(28, 518, 48),
(29, 989, 23),
(30, 488, 45),
(31, 119, 20),
(32, 199, 31),
(33, 272, 14),
(34, 448, 6),
(35, 909, 17),
(36, 150, 47),
(37, 585, 21),
(38, 910, 3),
(39, 387, 24),
(40, 363, 14),
(41, 36, 29),
(42, 701, 1),
(43, 228, 30),
(44, 231, 15),
(45, 870, 39),
(46, 496, 31),
(47, 915, 7),
(48, 886, 29),
(49, 578, 24),
(50, 212, 28),
(51, 306, 22),
(52, 342, 7),
(53, 903, 24),
(54, 451, 42),
(55, 216, 32),
(56, 42, 4),
(57, 527, 5),
(58, 482, 38),
(59, 16, 24),
(60, 219, 38),
(61, 57, 27),
(62, 716, 26),
(63, 980, 22),
(64, 479, 41),
(65, 864, 14),
(66, 69, 5),
(67, 139, 33),
(68, 766, 28),
(69, 268, 4),
(70, 463, 6),
(71, 683, 21),
(72, 626, 9),
(73, 403, 21),
(74, 450, 40),
(75, 961, 38),
(76, 640, 29),
(77, 570, 2),
(78, 608, 47),
(79, 505, 42),
(80, 514, 10),
(81, 216, 9),
(82, 765, 36),
(83, 717, 9),
(84, 1, 37),
(85, 288, 21),
(86, 649, 43),
(87, 220, 1),
(88, 293, 24),
(89, 648, 27),
(90, 392, 32),
(91, 811, 43),
(92, 456, 26),
(93, 909, 18),
(94, 358, 1),
(95, 879, 11),
(96, 413, 17),
(97, 345, 50),
(98, 719, 49),
(99, 644, 2),
(100, 754, 31),
(101, 501, 35),
(102, 353, 43),
(103, 344, 39),
(104, 659, 43),
(105, 5, 36),
(106, 470, 32),
(107, 819, 49),
(108, 1003, 21),
(109, 958, 42),
(110, 212, 7),
(111, 440, 18),
(112, 546, 5),
(113, 510, 24),
(114, 813, 31),
(115, 821, 38),
(116, 236, 25),
(117, 579, 1),
(118, 621, 45),
(119, 826, 13),
(120, 483, 35),
(121, 577, 33),
(122, 190, 32),
(123, 527, 4),
(124, 190, 40),
(125, 994, 14),
(126, 547, 31),
(127, 45, 45),
(128, 1005, 4),
(129, 984, 5),
(130, 799, 22),
(131, 847, 6),
(132, 366, 31),
(133, 950, 13),
(134, 501, 3),
(135, 145, 30),
(136, 882, 27),
(137, 788, 47),
(138, 320, 30),
(139, 704, 7),
(140, 387, 23),
(141, 240, 23),
(142, 91, 20),
(143, 301, 37),
(144, 736, 48),
(145, 932, 2),
(146, 443, 25),
(147, 78, 29),
(148, 694, 43),
(149, 659, 40),
(150, 539, 23),
(151, 995, 17),
(152, 399, 23),
(153, 900, 3),
(154, 459, 19),
(155, 15, 22),
(156, 82, 42),
(157, 298, 9),
(158, 919, 16),
(159, 465, 31),
(160, 496, 28),
(161, 219, 12),
(162, 148, 40),
(163, 461, 41),
(164, 887, 32),
(165, 384, 48),
(166, 504, 2),
(167, 920, 29),
(168, 1003, 29),
(169, 322, 40),
(170, 982, 30),
(171, 802, 2),
(172, 983, 41),
(173, 314, 24),
(174, 987, 37),
(175, 647, 20),
(176, 613, 29),
(177, 954, 21),
(178, 249, 11),
(179, 656, 27),
(180, 701, 5),
(181, 139, 13),
(182, 502, 50),
(183, 756, 41),
(184, 989, 9),
(185, 470, 49),
(186, 599, 10),
(187, 492, 17),
(188, 509, 1),
(189, 509, 22),
(190, 619, 32),
(191, 48, 14),
(192, 454, 29),
(193, 884, 39),
(194, 473, 37),
(195, 810, 10),
(196, 135, 10),
(197, 721, 49),
(198, 57, 38),
(199, 422, 18),
(200, 315, 20),
(201, 1011, 6),
(202, 1011, 8);

-- --------------------------------------------------------

--
-- Table structure for table `viittaukset`
--

CREATE TABLE `viittaukset` (
  `viittauksen_tunnus` int(11) NOT NULL,
  `postauksen_id` int(11) DEFAULT NULL,
  `kommentti_id` int(11) DEFAULT NULL,
  `mainittukayttajan_id` int(11) NOT NULL
) ENGINE=InnoDB DEFAULT CHARSET=utf8mb4 COLLATE=utf8mb4_general_ci;

--
-- Dumping data for table `viittaukset`
--

INSERT INTO `viittaukset` (`viittauksen_tunnus`, `postauksen_id`, `kommentti_id`, `mainittukayttajan_id`) VALUES
(1, 15, NULL, 4),
(2, NULL, 187, 9),
(3, 32, NULL, 2),
(4, NULL, 423, 7),
(5, 8, NULL, 5),
(6, NULL, 312, 1),
(7, 44, NULL, 10),
(8, NULL, 89, 3),
(9, 21, NULL, 6),
(10, NULL, 456, 8),
(11, 37, NULL, 4),
(12, NULL, 234, 2),
(13, 5, NULL, 9),
(14, NULL, 378, 7),
(15, 49, NULL, 1),
(16, NULL, 145, 5),
(17, 12, NULL, 3),
(18, NULL, 467, 10),
(19, 28, NULL, 6),
(20, NULL, 298, 8),
(21, 41, NULL, 4),
(22, NULL, 356, 2),
(23, 17, NULL, 9),
(24, NULL, 189, 7),
(25, 34, NULL, 1),
(26, NULL, 423, 5),
(27, 6, NULL, 3),
(28, NULL, 267, 10),
(29, 50, NULL, 6),
(30, NULL, 412, 8),
(31, 23, NULL, 4),
(32, NULL, 178, 2),
(33, 39, NULL, 9),
(34, NULL, 334, 7),
(35, 14, NULL, 1),
(36, NULL, 489, 5),
(37, 30, NULL, 3),
(38, NULL, 223, 10),
(39, 2, NULL, 6),
(40, NULL, 367, 8),
(41, 46, NULL, 4),
(42, NULL, 156, 2),
(43, 19, NULL, 9),
(44, NULL, 445, 7),
(45, 35, NULL, 1),
(46, NULL, 289, 5),
(47, 9, NULL, 3),
(48, NULL, 401, 10),
(49, 47, NULL, 6),
(50, NULL, 234, 8),
(51, 26, NULL, 4),
(52, NULL, 478, 2),
(53, 42, NULL, 9),
(54, NULL, 312, 7),
(55, 11, NULL, 1),
(56, NULL, 198, 5),
(57, 31, NULL, 3),
(58, NULL, 356, 10),
(59, 4, NULL, 6),
(60, NULL, 267, 8),
(61, 48, NULL, 4),
(62, NULL, 423, 2),
(63, 22, NULL, 9),
(64, NULL, 145, 7),
(65, 38, NULL, 1),
(66, NULL, 489, 5),
(67, 13, NULL, 3),
(68, NULL, 334, 10),
(69, 29, NULL, 6),
(70, NULL, 187, 8),
(71, 45, NULL, 4),
(72, NULL, 412, 2),
(73, 18, NULL, 9),
(74, NULL, 256, 7),
(75, 36, NULL, 1),
(76, NULL, 378, 5),
(77, 7, NULL, 3),
(78, NULL, 223, 10),
(79, 50, NULL, 6),
(80, NULL, 467, 8),
(81, 25, NULL, 4),
(82, NULL, 189, 2),
(83, 40, NULL, 9),
(84, NULL, 345, 7),
(85, 16, NULL, 1),
(86, NULL, 434, 5),
(87, 33, NULL, 3),
(88, NULL, 298, 10),
(89, 3, NULL, 6),
(90, NULL, 401, 8),
(91, 43, NULL, 4),
(92, NULL, 167, 2),
(93, 20, NULL, 9),
(94, NULL, 445, 7),
(95, 1, NULL, 1),
(96, NULL, 312, 5),
(97, 27, NULL, 3),
(98, NULL, 356, 10),
(99, 44, NULL, 6),
(100, NULL, 234, 8),
(101, 10, NULL, 4),
(102, NULL, 478, 2),
(103, 37, NULL, 9),
(104, NULL, 198, 7),
(105, 15, NULL, 1),
(106, NULL, 389, 5),
(107, 32, NULL, 3),
(108, NULL, 267, 10),
(109, 49, NULL, 6),
(110, NULL, 423, 8),
(111, 21, NULL, 4),
(112, NULL, 145, 2),
(113, 8, NULL, 9),
(114, NULL, 489, 7),
(115, 41, NULL, 1),
(116, NULL, 312, 5),
(117, 28, NULL, 3),
(118, NULL, 178, 10),
(119, 5, NULL, 6),
(120, NULL, 367, 8),
(121, 46, NULL, 4),
(122, NULL, 223, 2),
(123, 17, NULL, 9),
(124, NULL, 456, 7),
(125, 34, NULL, 1),
(126, NULL, 289, 5),
(127, 12, NULL, 3),
(128, NULL, 412, 10),
(129, 30, NULL, 6),
(130, NULL, 187, 8),
(131, 47, NULL, 4),
(132, NULL, 334, 2),
(133, 23, NULL, 9),
(134, NULL, 245, 7),
(135, 39, NULL, 1),
(136, NULL, 378, 5),
(137, 6, NULL, 3),
(138, NULL, 467, 10),
(139, 50, NULL, 6),
(140, NULL, 198, 8),
(141, 14, NULL, 4),
(142, NULL, 356, 2),
(143, 35, NULL, 9),
(144, NULL, 423, 7),
(145, 2, NULL, 1),
(146, NULL, 289, 5),
(147, 42, NULL, 3),
(148, NULL, 445, 10),
(149, 19, NULL, 6),
(150, NULL, 167, 8),
(151, 31, NULL, 4),
(152, NULL, 312, 2),
(153, 9, NULL, 9),
(154, NULL, 401, 7),
(155, 48, NULL, 1),
(156, NULL, 234, 5),
(157, 26, NULL, 3),
(158, NULL, 478, 10),
(159, 11, NULL, 6),
(160, NULL, 189, 8),
(161, 38, NULL, 4),
(162, NULL, 345, 2),
(163, 4, NULL, 9),
(164, NULL, 267, 7),
(165, 45, NULL, 1),
(166, NULL, 412, 5),
(167, 22, NULL, 3),
(168, NULL, 156, 10),
(169, 29, NULL, 6),
(170, NULL, 389, 8),
(171, 13, NULL, 4),
(172, NULL, 423, 2),
(173, 36, NULL, 9),
(174, NULL, 178, 7),
(175, 18, NULL, 1),
(176, NULL, 489, 5),
(177, 7, NULL, 3),
(178, NULL, 312, 10),
(179, 40, NULL, 6),
(180, NULL, 256, 8),
(181, 25, NULL, 4),
(182, NULL, 367, 2),
(183, 50, NULL, 9),
(184, NULL, 223, 7),
(185, 16, NULL, 1),
(186, NULL, 445, 5),
(187, 33, NULL, 3),
(188, NULL, 198, 10),
(189, 3, NULL, 6),
(190, NULL, 378, 8),
(191, 43, NULL, 4),
(192, NULL, 289, 2),
(193, 20, NULL, 9),
(194, NULL, 434, 7),
(195, 1, NULL, 1),
(196, NULL, 267, 5),
(197, 27, NULL, 3),
(198, NULL, 356, 10),
(199, 44, NULL, 6),
(200, NULL, 187, 8),
(201, 10, NULL, 4),
(202, NULL, 412, 2),
(203, 37, NULL, 9),
(204, NULL, 145, 7),
(205, 15, NULL, 1),
(206, NULL, 467, 5),
(207, 32, NULL, 3),
(208, NULL, 312, 10),
(209, 49, NULL, 6),
(210, NULL, 234, 8),
(211, 21, NULL, 4),
(212, NULL, 389, 2),
(213, 8, NULL, 9),
(214, NULL, 223, 7),
(215, 41, NULL, 1),
(216, NULL, 478, 5),
(217, 28, NULL, 3),
(218, NULL, 198, 10),
(219, 5, NULL, 6),
(220, NULL, 345, 8),
(221, 46, NULL, 4),
(222, NULL, 167, 2),
(223, 17, NULL, 9),
(224, NULL, 423, 7),
(225, 34, NULL, 1),
(226, NULL, 289, 5),
(227, 12, NULL, 3),
(228, NULL, 401, 10),
(229, 30, NULL, 6),
(230, NULL, 256, 8),
(231, 47, NULL, 4),
(232, NULL, 367, 2),
(233, 23, NULL, 9),
(234, NULL, 178, 7),
(235, 39, NULL, 1),
(236, NULL, 445, 5),
(237, 6, NULL, 3),
(238, NULL, 312, 10),
(239, 50, NULL, 6),
(240, NULL, 234, 8),
(241, 14, NULL, 4),
(242, NULL, 489, 2),
(243, 35, NULL, 9),
(244, NULL, 187, 7),
(245, 2, NULL, 1),
(246, NULL, 356, 5),
(247, 42, NULL, 3),
(248, NULL, 412, 10),
(249, 19, NULL, 6),
(250, NULL, 267, 8),
(251, 31, NULL, 4),
(252, NULL, 378, 2),
(253, 9, NULL, 9),
(254, NULL, 223, 7),
(255, 48, NULL, 1),
(256, NULL, 445, 5),
(257, 26, NULL, 3),
(258, NULL, 198, 10),
(259, 11, NULL, 6),
(260, NULL, 334, 8),
(261, 38, NULL, 4),
(262, NULL, 289, 2),
(263, 4, NULL, 9),
(264, NULL, 423, 7),
(265, 45, NULL, 1),
(266, NULL, 156, 5),
(267, 22, NULL, 3),
(268, NULL, 467, 10),
(269, 29, NULL, 6),
(270, NULL, 312, 8),
(271, 13, NULL, 4),
(272, NULL, 234, 2),
(273, 36, NULL, 9),
(274, NULL, 389, 7),
(275, 18, NULL, 1),
(276, NULL, 245, 5),
(277, 7, NULL, 3),
(278, NULL, 478, 10),
(279, 40, NULL, 6),
(280, NULL, 178, 8),
(281, 25, NULL, 4),
(282, NULL, 367, 2),
(283, 50, NULL, 9),
(284, NULL, 198, 7),
(285, 16, NULL, 1),
(286, NULL, 412, 5),
(287, 33, NULL, 3),
(288, NULL, 289, 10),
(289, 3, NULL, 6),
(290, NULL, 345, 8),
(291, 43, NULL, 4),
(292, NULL, 223, 2),
(293, 20, NULL, 9),
(294, NULL, 456, 7),
(295, 1, NULL, 1),
(296, NULL, 312, 5),
(297, 27, NULL, 3),
(298, NULL, 401, 10),
(299, 44, NULL, 6),
(300, NULL, 267, 8),
(301, 10, NULL, 4),
(302, NULL, 445, 2),
(303, 37, NULL, 9),
(304, NULL, 187, 7),
(305, 15, NULL, 1),
(306, NULL, 378, 5),
(307, 32, NULL, 3),
(308, NULL, 234, 10),
(309, 49, NULL, 6),
(310, NULL, 489, 8),
(311, 21, NULL, 4),
(312, NULL, 167, 2),
(313, 8, NULL, 9),
(314, NULL, 356, 7),
(315, 41, NULL, 1),
(316, NULL, 423, 5),
(317, 28, NULL, 3),
(318, NULL, 198, 10),
(319, 5, NULL, 6),
(320, NULL, 312, 8),
(321, 46, NULL, 4),
(322, NULL, 289, 2),
(323, 17, NULL, 9),
(324, NULL, 412, 7),
(325, 34, NULL, 1),
(326, NULL, 245, 5),
(327, 12, NULL, 3),
(328, NULL, 367, 10),
(329, 30, NULL, 6),
(330, NULL, 178, 8),
(331, 47, NULL, 4),
(332, NULL, 434, 2),
(333, 23, NULL, 9),
(334, NULL, 256, 7),
(335, 39, NULL, 1),
(336, NULL, 389, 5),
(337, 6, NULL, 3),
(338, NULL, 223, 10),
(339, 50, NULL, 6),
(340, NULL, 467, 8),
(341, 14, NULL, 4),
(342, NULL, 312, 2),
(343, 35, NULL, 9),
(344, NULL, 345, 7),
(345, 2, NULL, 1),
(346, NULL, 198, 5),
(347, 42, NULL, 3),
(348, NULL, 445, 10),
(349, 19, NULL, 6),
(350, NULL, 234, 8),
(351, 31, NULL, 4),
(352, NULL, 378, 2),
(353, 9, NULL, 9),
(354, NULL, 289, 7),
(355, 48, NULL, 1),
(356, NULL, 412, 5),
(357, 26, NULL, 3),
(358, NULL, 167, 10),
(359, 11, NULL, 6),
(360, NULL, 356, 8),
(361, 38, NULL, 4),
(362, NULL, 223, 2),
(363, 4, NULL, 9),
(364, NULL, 478, 7),
(365, 45, NULL, 1),
(366, NULL, 198, 5),
(367, 22, NULL, 3),
(368, NULL, 401, 10),
(369, 29, NULL, 6),
(370, NULL, 267, 8),
(371, 13, NULL, 4),
(372, NULL, 389, 2),
(373, 36, NULL, 9),
(374, NULL, 187, 7),
(375, 18, NULL, 1),
(376, NULL, 423, 5),
(377, 7, NULL, 3),
(378, NULL, 312, 10),
(379, 40, NULL, 6),
(380, NULL, 245, 8),
(381, 25, NULL, 4),
(382, NULL, 456, 2),
(383, 50, NULL, 9),
(384, NULL, 289, 7),
(385, 16, NULL, 1),
(386, NULL, 367, 5),
(387, 33, NULL, 3),
(388, NULL, 234, 10),
(389, 3, NULL, 6),
(390, NULL, 445, 8),
(391, 43, NULL, 4),
(392, NULL, 178, 2),
(393, 20, NULL, 9),
(394, NULL, 412, 7),
(395, 1, NULL, 1),
(396, NULL, 198, 5),
(397, 27, NULL, 3),
(398, NULL, 334, 10),
(399, 44, NULL, 6),
(400, NULL, 312, 8),
(401, 10, NULL, 4),
(402, NULL, 489, 2),
(403, 37, NULL, 9),
(404, NULL, 223, 7),
(405, 15, NULL, 1),
(406, NULL, 356, 5),
(407, 32, NULL, 3),
(408, NULL, 267, 10),
(409, 49, NULL, 6),
(410, NULL, 423, 8),
(411, 21, NULL, 4),
(412, NULL, 187, 2),
(413, 8, NULL, 9),
(414, NULL, 378, 7),
(415, 41, NULL, 1),
(416, NULL, 289, 5),
(417, 28, NULL, 3),
(418, NULL, 445, 10),
(419, 5, NULL, 6),
(420, NULL, 198, 8),
(421, 46, NULL, 4),
(422, NULL, 312, 2),
(423, 17, NULL, 9),
(424, NULL, 401, 7),
(425, 34, NULL, 1),
(426, NULL, 234, 5),
(427, 12, NULL, 3),
(428, NULL, 467, 10),
(429, 30, NULL, 6),
(430, NULL, 178, 8),
(431, 47, NULL, 4),
(432, NULL, 356, 2),
(433, 23, NULL, 9),
(434, NULL, 267, 7),
(435, 39, NULL, 1),
(436, NULL, 412, 5),
(437, 6, NULL, 3),
(438, NULL, 223, 10),
(439, 50, NULL, 6),
(440, NULL, 389, 8),
(441, 14, NULL, 4),
(442, NULL, 245, 2),
(443, 35, NULL, 9),
(444, NULL, 312, 7),
(445, 2, NULL, 1),
(446, NULL, 456, 5),
(447, 42, NULL, 3),
(448, NULL, 198, 10),
(449, 19, NULL, 6),
(450, NULL, 367, 8),
(451, 31, NULL, 4),
(452, NULL, 289, 2),
(453, 9, NULL, 9),
(454, NULL, 423, 7),
(455, 48, NULL, 1),
(456, NULL, 234, 5),
(457, 26, NULL, 3),
(458, NULL, 478, 10),
(459, 11, NULL, 6),
(460, NULL, 187, 8),
(461, 38, NULL, 4),
(462, NULL, 345, 2),
(463, 4, NULL, 9),
(464, NULL, 312, 7),
(465, 45, NULL, 1),
(466, NULL, 445, 5),
(467, 22, NULL, 3),
(468, NULL, 198, 10),
(469, 29, NULL, 6),
(470, NULL, 267, 8),
(471, 13, NULL, 4),
(472, NULL, 378, 2),
(473, 36, NULL, 9),
(474, NULL, 223, 7),
(475, 18, NULL, 1),
(476, NULL, 412, 5),
(477, 7, NULL, 3),
(478, NULL, 289, 10),
(479, 40, NULL, 6),
(480, NULL, 356, 8),
(481, 25, NULL, 4),
(482, NULL, 234, 2),
(483, 50, NULL, 9),
(484, NULL, 467, 7),
(485, 16, NULL, 1),
(486, NULL, 198, 5),
(487, 33, NULL, 3),
(488, NULL, 389, 10),
(489, 3, NULL, 6),
(490, NULL, 312, 8),
(491, 43, NULL, 4),
(492, NULL, 245, 2),
(493, 20, NULL, 9),
(494, NULL, 423, 7),
(495, 1, NULL, 1),
(496, NULL, 178, 5),
(497, NULL, 169, 87),
(498, NULL, 169, 886);

--
-- Indexes for dumped tables
--

--
-- Indexes for table `aihetunnisteet`
--
ALTER TABLE `aihetunnisteet`
  ADD PRIMARY KEY (`aihetunniste_tunnus`),
  ADD UNIQUE KEY `aihetunniste_nimi` (`aihetunniste_nimi`);

--
-- Indexes for table `kayttajat`
--
ALTER TABLE `kayttajat`
  ADD PRIMARY KEY (`kayttaja_tunnus`),
  ADD UNIQUE KEY `sahkoposti` (`sahkoposti`),
  ADD UNIQUE KEY `kayttajanimi` (`kayttajanimi`);

--
-- Indexes for table `kommentit`
--
ALTER TABLE `kommentit`
  ADD PRIMARY KEY (`kommentti_tunnus`),
  ADD KEY `kommenttajan_id` (`kommenttajan_id`),
  ADD KEY `postauksen_id` (`postauksen_id`),
  ADD KEY `ylakommentti_id` (`ylakommentti_id`);

--
-- Indexes for table `likes`
--
ALTER TABLE `likes`
  ADD PRIMARY KEY (`like_tunnus`),
  ADD KEY `kayttajan_id` (`kayttajan_id`),
  ADD KEY `postauksen_id` (`postauksen_id`),
  ADD KEY `ylakommentti_id` (`kommentti_id`);

--
-- Indexes for table `postauksen_aihetunnisteet`
--
ALTER TABLE `postauksen_aihetunnisteet`
  ADD PRIMARY KEY (`tunnus`),
  ADD KEY `aihetunnisteen_id` (`aihetunnisteen_id`),
  ADD KEY `postauksen_id` (`postauksen_id`),
  ADD KEY `kommentti_id` (`kommentti_id`);

--
-- Indexes for table `postauksen_historia`
--
ALTER TABLE `postauksen_historia`
  ADD PRIMARY KEY (`tunnus`),
  ADD KEY `postauksen_id` (`postauksen_id`,`kommentti_id`),
  ADD KEY `kommentti_id` (`kommentti_id`);

--
-- Indexes for table `postaukset`
--
ALTER TABLE `postaukset`
  ADD PRIMARY KEY (`postauksen_tunnus`),
  ADD KEY `kayttajan_id` (`kayttajan_id`);

--
-- Indexes for table `seurattavat`
--
ALTER TABLE `seurattavat`
  ADD PRIMARY KEY (`tunnus`),
  ADD KEY `kayttajan_id` (`kayttajan_id`),
  ADD KEY `seurattava_id` (`seurattava_id`);

--
-- Indexes for table `seuratut_kayttajan_hashtagit`
--
ALTER TABLE `seuratut_kayttajan_hashtagit`
  ADD PRIMARY KEY (`tunnus`),
  ADD KEY `kayttajan_id` (`kayttajan_id`),
  ADD KEY `aihetunnisteen_id` (`aihetunnisteen_id`);

--
-- Indexes for table `viittaukset`
--
ALTER TABLE `viittaukset`
  ADD PRIMARY KEY (`viittauksen_tunnus`),
  ADD KEY `mainittukayttajan_id` (`mainittukayttajan_id`),
  ADD KEY `postauksen_id` (`postauksen_id`),
  ADD KEY `kommentti_id` (`kommentti_id`);

--
-- AUTO_INCREMENT for dumped tables
--

--
-- AUTO_INCREMENT for table `aihetunnisteet`
--
ALTER TABLE `aihetunnisteet`
  MODIFY `aihetunniste_tunnus` int(11) NOT NULL AUTO_INCREMENT, AUTO_INCREMENT=51;

--
-- AUTO_INCREMENT for table `kayttajat`
--
ALTER TABLE `kayttajat`
  MODIFY `kayttaja_tunnus` int(11) NOT NULL AUTO_INCREMENT, AUTO_INCREMENT=1012;

--
-- AUTO_INCREMENT for table `kommentit`
--
ALTER TABLE `kommentit`
  MODIFY `kommentti_tunnus` int(11) NOT NULL AUTO_INCREMENT, AUTO_INCREMENT=501;

--
-- AUTO_INCREMENT for table `likes`
--
ALTER TABLE `likes`
  MODIFY `like_tunnus` int(11) NOT NULL AUTO_INCREMENT, AUTO_INCREMENT=479;

--
-- AUTO_INCREMENT for table `postauksen_aihetunnisteet`
--
ALTER TABLE `postauksen_aihetunnisteet`
  MODIFY `tunnus` int(11) NOT NULL AUTO_INCREMENT, AUTO_INCREMENT=102;

--
-- AUTO_INCREMENT for table `postauksen_historia`
--
ALTER TABLE `postauksen_historia`
  MODIFY `tunnus` int(11) NOT NULL AUTO_INCREMENT, AUTO_INCREMENT=301;

--
-- AUTO_INCREMENT for table `postaukset`
--
ALTER TABLE `postaukset`
  MODIFY `postauksen_tunnus` int(11) NOT NULL AUTO_INCREMENT, AUTO_INCREMENT=51;

--
-- AUTO_INCREMENT for table `seurattavat`
--
ALTER TABLE `seurattavat`
  MODIFY `tunnus` int(11) NOT NULL AUTO_INCREMENT, AUTO_INCREMENT=312;

--
-- AUTO_INCREMENT for table `seuratut_kayttajan_hashtagit`
--
ALTER TABLE `seuratut_kayttajan_hashtagit`
  MODIFY `tunnus` int(11) NOT NULL AUTO_INCREMENT, AUTO_INCREMENT=203;

--
-- AUTO_INCREMENT for table `viittaukset`
--
ALTER TABLE `viittaukset`
  MODIFY `viittauksen_tunnus` int(11) NOT NULL AUTO_INCREMENT, AUTO_INCREMENT=499;

--
-- Constraints for dumped tables
--

--
-- Constraints for table `kommentit`
--
ALTER TABLE `kommentit`
  ADD CONSTRAINT `kommentit_ibfk_1` FOREIGN KEY (`kommenttajan_id`) REFERENCES `kayttajat` (`kayttaja_tunnus`),
  ADD CONSTRAINT `kommentit_ibfk_2` FOREIGN KEY (`postauksen_id`) REFERENCES `postaukset` (`postauksen_tunnus`),
  ADD CONSTRAINT `kommentit_ibfk_3` FOREIGN KEY (`ylakommentti_id`) REFERENCES `kommentit` (`kommentti_tunnus`) ON DELETE NO ACTION ON UPDATE NO ACTION;

--
-- Constraints for table `likes`
--
ALTER TABLE `likes`
  ADD CONSTRAINT `likes_ibfk_1` FOREIGN KEY (`kayttajan_id`) REFERENCES `kayttajat` (`kayttaja_tunnus`),
  ADD CONSTRAINT `likes_ibfk_2` FOREIGN KEY (`postauksen_id`) REFERENCES `postaukset` (`postauksen_tunnus`),
  ADD CONSTRAINT `likes_ibfk_3` FOREIGN KEY (`kommentti_id`) REFERENCES `kommentit` (`kommentti_tunnus`);

--
-- Constraints for table `postauksen_aihetunnisteet`
--
ALTER TABLE `postauksen_aihetunnisteet`
  ADD CONSTRAINT `postauksen_aihetunnisteet_ibfk_2` FOREIGN KEY (`aihetunnisteen_id`) REFERENCES `aihetunnisteet` (`aihetunniste_tunnus`),
  ADD CONSTRAINT `postauksen_aihetunnisteet_ibfk_3` FOREIGN KEY (`postauksen_id`) REFERENCES `postaukset` (`postauksen_tunnus`) ON DELETE CASCADE ON UPDATE CASCADE,
  ADD CONSTRAINT `postauksen_aihetunnisteet_ibfk_4` FOREIGN KEY (`kommentti_id`) REFERENCES `kommentit` (`kommentti_tunnus`) ON DELETE CASCADE ON UPDATE CASCADE;

--
-- Constraints for table `postauksen_historia`
--
ALTER TABLE `postauksen_historia`
  ADD CONSTRAINT `postauksen_historia_ibfk_1` FOREIGN KEY (`postauksen_id`) REFERENCES `postaukset` (`postauksen_tunnus`) ON DELETE CASCADE ON UPDATE CASCADE,
  ADD CONSTRAINT `postauksen_historia_ibfk_2` FOREIGN KEY (`kommentti_id`) REFERENCES `kommentit` (`kommentti_tunnus`) ON DELETE CASCADE ON UPDATE CASCADE;

--
-- Constraints for table `postaukset`
--
ALTER TABLE `postaukset`
  ADD CONSTRAINT `postaukset_ibfk_1` FOREIGN KEY (`kayttajan_id`) REFERENCES `kayttajat` (`kayttaja_tunnus`);

--
-- Constraints for table `seurattavat`
--
ALTER TABLE `seurattavat`
  ADD CONSTRAINT `seurattavat_ibfk_1` FOREIGN KEY (`kayttajan_id`) REFERENCES `kayttajat` (`kayttaja_tunnus`),
  ADD CONSTRAINT `seurattavat_ibfk_2` FOREIGN KEY (`seurattava_id`) REFERENCES `kayttajat` (`kayttaja_tunnus`);

--
-- Constraints for table `seuratut_kayttajan_hashtagit`
--
ALTER TABLE `seuratut_kayttajan_hashtagit`
  ADD CONSTRAINT `seuratut_kayttajan_hashtagit_ibfk_1` FOREIGN KEY (`kayttajan_id`) REFERENCES `kayttajat` (`kayttaja_tunnus`),
  ADD CONSTRAINT `seuratut_kayttajan_hashtagit_ibfk_2` FOREIGN KEY (`aihetunnisteen_id`) REFERENCES `aihetunnisteet` (`aihetunniste_tunnus`);

--
-- Constraints for table `viittaukset`
--
ALTER TABLE `viittaukset`
  ADD CONSTRAINT `viittaukset_ibfk_1` FOREIGN KEY (`mainittukayttajan_id`) REFERENCES `kayttajat` (`kayttaja_tunnus`),
  ADD CONSTRAINT `viittaukset_ibfk_2` FOREIGN KEY (`postauksen_id`) REFERENCES `postaukset` (`postauksen_tunnus`),
  ADD CONSTRAINT `viittaukset_ibfk_3` FOREIGN KEY (`kommentti_id`) REFERENCES `kommentit` (`kommentti_tunnus`);
COMMIT;

/*!40101 SET CHARACTER_SET_CLIENT=@OLD_CHARACTER_SET_CLIENT */;
/*!40101 SET CHARACTER_SET_RESULTS=@OLD_CHARACTER_SET_RESULTS */;
/*!40101 SET COLLATION_CONNECTION=@OLD_COLLATION_CONNECTION */;
